0.5907373931595629,0.05136483562180721
0.5679056719053847,0.0959066967967785
0.6241987209395443,0.023188387843780668
0.53472630487249,0.16053166081756334
0.6407760640112843,0.035201762489115475
0.5000173009548007,0.20431532405369232
0.6541073339054866,0.061138760433394154
0.4541442803243818,0.24057875333271625
0.6824357424451596,0.11735315788490538
0.394716385881709,0.25419462538434484
0.36947259438353947,0.23130934411783588
0.350047354362738,0.2572415622603299
0.3451711681733383,0.2256600646424443
0.30755856507009277,0.2593779506017319
0.32902105703018636,0.2015683190672577
0.2437627456601038,0.2786480098740826
0.2506919100609068,0.22792067933177806
0.16369166995471385,0.2950485028401365
0.3334537974721378,0.1517559901828858
0.2808566826247721,0.23243385607405567
0.4190067594253616,0.014534887411760707
0.281536482973193,0.32878626458985316
0.48694561649262535,-0.08378223030998072
0.32153764483459546,0.35017097567155475
0.5411265321741962,-0.1267135611986863
0.3771075499649301,0.3074769856245523
0.5874210380522019,-0.15098935334634786
0.41727344150853934,0.24141405724863674
0.6147785391142022,-0.10867898334133634
0.47362988458374583,0.17918289407847
0.6029442294775278,-0.050087225982056026
0.5066973844865922,0.1352784689318069
0.8539978461043729,-0.7109282117731015
0.6059215297818634,0.6568792117399456
0.8655922446767564,-0.7402756951894388
0.5742275360565023,0.6599767322973468
0.8451025677830253,-0.7766218287673288
0.5435672493893566,0.6793679768519596
0.8684190216078047,-0.8008512256227065
0.5182344139580454,0.7042840797232012
0.8756910467119416,-0.8260721454141317
0.4828256615273927,0.7320530443553317
0.8499952340802988,-0.8119867863803676
0.4507441856420159,0.7286375336337813
0.8322859250143165,-0.7955208278034082
0.4315512031959256,0.709497251156917
0.8158975516829061,-0.7254081925598865
0.3973000216086096,0.6840579613107396
0.7844830806060203,-0.6940151091853785
0.28423308662353436,0.6048502031009976
0.7791424950220631,-0.6371426871521537
0.29870591224010257,0.6099294453029955
0.7654244317455982,-0.5921862611117841
0.34451242161585094,0.6104701266656182
0.7676459024750609,-0.543154220747175
0.38337681333580753,0.5783756279541323
0.7924733674405985,-0.5624942997565545
0.4536330486847524,0.5286739585134299
0.8069922601569276,-0.5959138022031616
0.4130766120069213,0.5050814577164722
0.8135367967242538,-0.6268042387747873
0.5083941004982517,0.4713906474906777
0.8201124868183574,-0.6763243132857052
0.5458549120234175,0.5048504121340468
0.19860582792980605,-0.4137748230842706
0.15811260787991133,0.20118597730940513
0.17812145375129396,-0.43636178400402575
0.1007135820515351,0.22352771211439248
0.16127073340649062,-0.45993175718701995
0.033271775979291145,0.24529154911619727
0.1434619344032615,-0.4763536839076852
-0.05030957987383795,0.27417142588878285
0.15467506588963875,-0.48141383131501514
-0.14092502692621783,0.3246083717168206
0.20546689376383384,-0.5694322984503489
-0.008264868852975598,0.12249926219773069
0.22735505802912065,-0.5459415528470912
0.05091260273120774,0.049965884953133276
0.2497426706262802,-0.5256094246506382
0.06581067964578627,0.04149615388654044
0.285236543813596,-0.5028998830842338
0.08881408549072571,0.06459262260769863
0.29799749230300293,-0.47124811833451263
0.10262400753838725,0.06723531688548993
0.3013224093086982,-0.4489432247494025
0.1240397588129007,0.07403302366636592
0.2997869389574436,-0.4101914384305064
0.1577178861933129,0.08283956478317518
0.2995999524907299,-0.3895838766164983
0.2114852801808161,0.10835322891355754
0.270607159690131,-0.39598095838724706
0.24869390897622073,0.14839895868544464
0.23278427100342683,-0.39575529688125
0.23986277380541426,0.1733525565042326
0.20842997661453957,-0.39823415172709486
0.21016215322623685,0.177996167329612
-0.49715912962555203,0.5389020162942116
-0.5839655321642427,0.3679978297027068
-0.49311253946893036,0.5321890146805163
-0.5425330563902978,0.413110598030861
-0.46516806806159156,0.49287210454100766
-0.5030183930136028,0.4502452093095729
-0.40296176061897426,0.47369857713277674
-0.4454274193056425,0.4484964585691988
-0.337889913658864,0.4575090360194475
-0.3168608367914957,0.4111295751357022
-0.3008525247627723,0.453136568954506
-0.3158870102825539,0.431584164313843
-0.250304898468468,0.4269175899471403
-0.2584531849661973,0.402743281705838
-0.21761227257118076,0.3861815749737659
-0.18451146557144918,0.35123362864461505
-0.16385176671825355,0.3088707042305567
-0.08171365989042094,0.29329316887063217
-0.21564380591913537,0.2952539415458548
-0.19999912607522835,0.2521083462724933
-0.3108752495897245,0.3177769316281254
-0.2919188289824243,0.20613559434362796
-0.4145540003536097,0.35219199304744697
-0.4091569852560407,0.17804749756706195
-0.495418204560096,0.41122765536112144
-0.502868190728741,0.18873499581753184
-0.5141733125666978,0.47042149765651176
-0.5735614063944311,0.20968088110954347
-0.5463734863919812,0.5058029800454098
-0.6177874006153478,0.2648271551579508
-0.5438474590235937,0.5461666504117468
-0.6108892481339453,0.321959012899958
0.7032479644411809,-0.03449589608175793
0.5413459374321703,0.28012692328633426
0.7003619251707545,0.02953267133899619
0.5582856621552114,0.24674088233097072
0.6934421103485079,0.07074615414969648
0.5364234526358259,0.2659232508532219
0.6811907433249518,0.0946081978641711
0.5176117237732356,0.29355162546720315
0.635496752015412,0.11681623353466986
0.47204432744307673,0.3099221351025851
0.5926229860677289,0.1002433821278947
0.4131537316608463,0.3449796420740051
0.5717706021142989,0.0695129602867148
0.36744447253848544,0.3768474249863061
0.5434273488037842,0.03307749320034696
0.32293007723245437,0.4032345568236886
0.5526286893980777,-0.004153525285196095
0.27193104676239804,0.4349020326922023
0.5438344194088711,-0.05163878666496764
0.29015723755933714,0.4651859632684998
0.5350335259022204,-0.09127060013753015
0.28566388846498003,0.44587388335660333
0.5619091340668972,-0.16021039165157655
0.3107724751916557,0.4227938781002396
0.6091544128729511,-0.1841795458928856
0.3634377232094821,0.4031659761965205
0.6528687900088812,-0.18218721784077616
0.4198874475535897,0.39426935701718213
0.6838394706238633,-0.16457524305034527
0.4685746105600106,0.36309226647033505
0.7060518186073236,-0.0977586072125131
0.4930799452043918,0.33260914946164216
0.7623950001866052,-0.7254269186159487
0.5215938490526325,0.5447792388710668
0.7654235481863216,-0.7855549463762374
0.5450607233994526,0.6186903158844719
0.7917413397233185,-0.817009767218278
0.5572621515895099,0.660471083836086
0.8120236528095569,-0.83831627721234
0.539321462909334,0.6897602890650943
0.8068063041761695,-0.8372693153914812
0.4817088747252974,0.6996647399924896
0.7906930997909145,-0.8020765547543941
0.43327035575642553,0.6865352451893987
0.7664555988087337,-0.7656800056997035
0.39505343109881175,0.6607444210023885
0.7470833622821755,-0.7080297614501277
0.3503633742681553,0.6147264036931224
0.7258935547735826,-0.6704621710326097
0.32539359134617685,0.5693564200361335
0.7059437088933166,-0.6243021161369269
0.3321497031005654,0.5466290096491885
0.6918583620002894,-0.5838560762530739
0.35400856761662763,0.5476839469883175
0.6902280241357269,-0.5593192672850019
0.3858455060478675,0.537935817040877
0.7176874440609313,-0.5577968541179192
0.41912889268278175,0.5149540688420099
0.7364962973916316,-0.5741126993543682
0.4297373173704838,0.47313459420024956
0.7577018843158944,-0.6153805379293272
0.4283331774424591,0.42884314352227854
0.7780967663909564,-0.6740874275247036
0.4888148096932802,0.49455319888612514
0.18985022825166367,-0.453783128641364
0.2529265726643931,0.1972406022075734
0.17175886274491883,-0.46152185233744175
0.17996201088286598,0.18114716545164958
0.15353824259432855,-0.490858802024057
0.1241413543362786,0.18394119597396485
0.1473068297724822,-0.5218662960285901
0.08067137157431793,0.19060507296108034
0.16615923849367242,-0.542767159915558
0.03944824369054353,0.19922701142643992
0.1970953207361172,-0.5542087951118884
0.04935879974888205,0.1671003190541756
0.24858521236463174,-0.5608464675643702
0.06725275838931814,0.13098014266852084
0.2646766618582558,-0.5582557370649792
0.08446165877128262,0.1102251034696844
0.29297627197516674,-0.5352740921943419
0.11385920273800682,0.11712633374473973
0.32302215575657256,-0.5007117431474499
0.13175278055794964,0.12835603876664203
0.3373146392622134,-0.4833177327560509
0.16813296710183562,0.1455965397392663
0.3518354961078602,-0.47125463853128907
0.19741269446608883,0.16692098476274705
0.3288376738218816,-0.45378552404278266
0.23762342943875223,0.17636941556450147
0.29129253457682264,-0.44053969088376105
0.28703332671564746,0.22059828004420196
0.26219599738788313,-0.4331983110773187
0.32716327333173184,0.27577327360427933
0.22842444599984937,-0.4462863468432125
0.2951666161377852,0.22193989748062648
-0.48387681235098223,0.5482321762099307
-0.6368568067696078,0.32616308240966285
-0.45869587712897897,0.552180221212715
-0.6144861596335933,0.3653911703720781
-0.4240555205309615,0.5518624194631429
-0.5553000923536149,0.3962906060873796
-0.38430625946108005,0.5261776362978783
-0.5071277492222758,0.41898284748784026
-0.3413743271877687,0.5085459819517886
-0.44916469570032586,0.41841696020098407
-0.2928137640826094,0.4808735736719946
-0.34849659083741275,0.4201863432795986
-0.2679330086393011,0.4462010792501101
-0.3139985585708827,0.38990533960552765
-0.2693454308639163,0.38216710391548286
-0.278800639684658,0.33707354743332946
-0.29266466754619647,0.35442775082954925
-0.2924241146584607,0.28629334811976526
-0.3261170431133063,0.33247036595019097
-0.30869260365942935,0.22995658796393575
-0.37879925249252244,0.3350824282918307
-0.3721871775855583,0.20583146239847172
-0.431011366257091,0.3531784705477418
-0.4522058724515808,0.18724408769850068
-0.48480913999267433,0.4005415639011425
-0.5288699884670219,0.18938228954686098
-0.4817826922892102,0.45406238810455324
-0.5813896465848758,0.1979018329347401
-0.48664752583253773,0.49698794688378084
-0.6297494311236164,0.230621891628196
-0.47501871219058733,0.5144956254094786
-0.6475487850079985,0.2654601366710452
0.6788915530047214,-0.055592415550027245
0.5562648296308775,0.21404657881905728
0.655449075642885,0.07605610571809802
0.6177001937222226,0.1626833439047303
0.6733272930148643,0.14824424997436675
0.6336411685014519,0.19270679492660855
0.6430057761512202,0.19590926925669752
0.6080689740064299,0.23524232987815177
0.5872694717233846,0.1927829945888875
0.5463746891180022,0.24346055717944415
0.5706993878698468,0.14106249211446892
0.4713477790798665,0.278862619529132
0.53918907641339,0.10597912277473442
0.41617837231134974,0.30744081494303127
0.5058830576919368,0.057783358101665815
0.2544008178626614,0.37663203679194646
0.4753512224402731,-0.022733843545934176
0.22840452192838007,0.4353795408006786
0.5125568383025682,-0.08782316489503142
0.25227718635490476,0.46256862427010786
0.535924568880553,-0.18418637634938714
0.28111972571560806,0.5114693347031601
0.5705258483240552,-0.308119567367301
0.3159994926278411,0.4751114504983365
0.6230702646989134,-0.28356389090015266
0.35187012402390255,0.4422566142248219
0.678149555226853,-0.3356629091984732
0.39577802206549223,0.40924557104545933
0.718476681811539,-0.3309474778509326
0.4510883175635106,0.34235478494516475
0.7149605108510588,-0.19835220493691677
0.49650789215625485,0.2754135243453773
0.7624831098282956,-0.6585850340695734
0.5916871843758611,0.6176300318444053
0.7732838621540544,-0.7202368647753391
0.5958229599337653,0.6576643783303071
0.78598041854424,-0.8006746289662211
0.6004092842617218,0.711706037401768
0.7672188781294523,-0.8422265188275068
0.5640336971445572,0.7516256101024373
0.7439450203577223,-0.852381543407283
0.5203505051487165,0.766372891305538
0.7165326188427515,-0.823894964755482
0.47369900398728004,0.7892781102128014
0.6749140447110804,-0.7877054115715656
0.4257440084521945,0.775589500893484
0.6496888291305961,-0.7324985186520973
0.3714707684269228,0.745827384090233
0.6276738926526333,-0.6777510514154621
0.33413927177762515,0.6982864979482508
0.6096861828456083,-0.6251618841398541
0.3197034204836404,0.6600285139118681
0.5981727359223189,-0.563324254115583
0.32514934014144636,0.6064906416204369
0.5834132611658376,-0.47314283527997236
0.38320997321907246,0.5935727111397139
0.6379397486639167,-0.4698797759180655
0.4310045321061107,0.5713460639794777
0.6929789120176812,-0.4549838492706914
0.46854349957321706,0.5624274578191012
0.731749073222515,-0.49451111337866244
0.5137440173829824,0.5474332152825062
0.751954878283047,-0.5792577375881333
0.5616717886300314,0.5726567698900736
0.1533659280603271,-0.4151015774395246
0.2793153133573036,0.07588876546084448
0.11519041618112247,-0.45225167128983845
0.25144654085755797,0.075865857917063
0.08637399546519076,-0.49285793506156894
0.24168928629052197,0.10852934069505914
0.0942755451115102,-0.5222992904970902
0.19507484143295692,0.1408537675000288
0.11156162181954253,-0.5714741600884987
0.17078126249026496,0.15375681176913836
0.14746501665686934,-0.602561242589498
0.13168526338175537,0.14735713162759814
0.19990751092441078,-0.6207527917619948
0.10264615022660803,0.16191204894266084
0.2566862216907436,-0.6138746451925613
0.07201167954665662,0.14500677492375416
0.29510656669375596,-0.5875126676195607
0.07582538812332248,0.16530937279207267
0.3537210712882317,-0.5414944653740825
0.10135018473491943,0.18897611583332946
0.3958026094148704,-0.5039279786499676
0.1403177844578696,0.19211744243808548
0.4309606921953501,-0.47579709343841514
0.17894710790576934,0.1726617558604018
0.3781549061626938,-0.446128913955654
0.2085504301529775,0.15653241315781402
0.32389926088842613,-0.4313316897342072
0.22992873380399678,0.13813688655009812
0.25155089045937196,-0.4078644402640515
0.2732884818358401,0.12679626677060724
0.19442517189061892,-0.4033910845135305
0.26934641731868203,0.11482358430795794
-0.5232169476704686,0.6072705780372633
-0.7000185778265224,0.3273563064332338
-0.4878757888619615,0.6127201053443805
-0.6754590340360416,0.36945259236552
-0.4284446996075692,0.6046485986487564
-0.6304052063859307,0.4207307811523162
-0.40958285049408205,0.5847042252128039
-0.5665185337152462,0.43514399964396805
-0.38379287102343324,0.5607877204405873
-0.5021398534704342,0.4545281263294823
-0.3455985207513012,0.5327592114248714
-0.46361284077762077,0.45578930857248173
-0.3171610434055088,0.5053984335940566
-0.34963478215321825,0.4161196891670371
-0.2645672874425647,0.4453571178918775
-0.28831258284887235,0.37468907027344484
-0.3049212510498283,0.2881106192632618
-0.259436970864238,0.26357243525069257
-0.32446515229138423,0.269239899741053
-0.32484226533550664,0.17958830809201523
-0.4091650566048645,0.29848378304557244
-0.4002058481233914,0.14313394876383947
-0.5155322588357281,0.33886062819960217
-0.48506806228739036,0.13463039196151427
-0.5288170835959372,0.3807464637772557
-0.6304462725427776,0.17009148175344965
-0.5367182690192052,0.44299252095441133
-0.6729835940078231,0.18700406318026572
-0.5340668301194504,0.5049053221895843
-0.6933791677534369,0.2334977970923071
-0.5325582349561541,0.5569514951984804
-0.7034125918045528,0.2858024467382885
0.6463775350989294,-0.019336034706858442
0.546792431702698,0.16798584080388043
0.6695666779768628,0.016450851401334326
0.6261047986924093,0.18583903518671963
0.733459598381682,0.14934022680534279
0.6573138841077103,0.2598227443763644
0.7258128080965837,0.17786100472178493
0.6107925645320625,0.26860914318955237
0.647755122512434,0.15785938939755084
0.555249601531861,0.28277902076702166
0.4894812830760019,0.15006304690198238
0.40861097418144465,0.2607000921752361
0.45165505773865244,0.14608906633382146
0.3593753582959411,0.2818784459158272
0.42900945261044016,0.11534576894672369
0.23446463412552815,0.3229969411182801
0.3907353923928984,0.09456190811139654
0.17605898036729026,0.38305631465379963
0.43972926329075523,0.033163115876890505
0.2582109048960717,0.3617045805887026
0.4831124178498618,-0.0916904467372066
0.23653959821013087,0.4182921001504282
0.5244462076237645,-0.20008652179593941
0.2966271029355431,0.43358703863771414
0.59430301556401,-0.22488146586276303
0.38134052727299356,0.3812923814043619
0.6505130431263936,-0.2304961552978052
0.41568301726324175,0.4486809716761884
0.7732893012136139,-0.27515292597130864
0.4668348773493363,0.3180607898397912
0.7516939795378533,-0.13659000356568668
0.47131724794114793,0.22902938554982108
0.7600372000311046,-0.7004378282775648
0.672584309128592,0.6163754971184398
0.7985488109563502,-0.7697607140288371
0.6700481237853292,0.6825131100842963
0.8202693051852367,-0.8465440775690705
0.6428284760418987,0.7380142270020251
0.7827035077167177,-0.9484239991726382
0.5792285457647328,0.8176785533934221
0.7153499400325928,-0.9240131111475062
0.5533781283909698,0.831243203611307
0.744852612049001,-0.8690998025777722
0.49783837516530777,0.863635215139936
0.6339889482200387,-0.8244986525200573
0.4215812069892375,0.8309776223977265
0.6187302173056469,-0.7557871567091604
0.3251707130507395,0.8058240194881876
0.6028013723817738,-0.7262740019180379
0.36264009671515074,0.7542090093176509
0.5524840217349305,-0.6179713492597759
0.2621859648430664,0.7057712969823591
0.6100057351493812,-0.5752969119136475
0.2673255185646823,0.6399114292543507
0.5478036417624551,-0.4893584146891342
0.38953349758787326,0.626651239197546
0.6522100839914944,-0.5051346678653943
0.44032401705265994,0.6279681603860899
0.6962731818044587,-0.49042081427093764
0.5308187192392052,0.5205638858839604
0.7770847018215259,-0.5134412902281075
0.5645107061775634,0.5470226689818392
0.8304925143253448,-0.606815603355586
0.6146644257437486,0.5613535693403696
0.12932105351114312,-0.3479447786971216
0.33397744694955367,0.01160732123516602
0.06469084419856637,-0.4454181590121031
0.3162328853339837,0.012355994655834745
0.029039928514356068,-0.49391896490319037
0.30296067359894335,0.10117673136489057
0.01907786315810533,-0.5550959826286095
0.2688648808127371,0.12382449483482043
0.04813012239625064,-0.6058299607468672
0.2683087623787058,0.1477522164592768
0.1078592732521626,-0.6516924549618398
0.09032165545918881,0.08507939723685738
0.1589907337371734,-0.6738935780601424
0.1265133696302719,0.21744432671812194
0.2663858826863164,-0.6475876093163664
0.03381463137846701,0.13431346892522852
0.28539123559038654,-0.6062415569948926
0.023101044014523647,0.1944600410345243
0.4106179663842188,-0.5524208933342436
0.10460202687489871,0.18748810110684627
0.40313925996464217,-0.524569193950494
0.13166727680592683,0.21220765743548395
0.41000789893967265,-0.4469429748893499
0.1833919745391726,0.2038931984530212
0.3627590047124056,-0.4033900707104738
0.18405981455382975,0.12512705067243451
0.2812359068238198,-0.4119073179995901
0.1975280796247571,0.09875788327476252
0.2449595710967541,-0.34967242874091203
0.22114324767420188,0.07456827589324182
0.1466588300282885,-0.39184558647455014
0.23544900773795976,0.06360826037333975
-0.5496288977431288,0.6428588449648118
-0.7042793762035897,0.34091527947550404
-0.5004364960613225,0.652094195999056
-0.6626424483185291,0.40192900807274207
-0.44958746358171114,0.5915889521914305
-0.6189733349766446,0.46951694293095425
-0.4215805233907933,0.5660852064864221
-0.5475087208958455,0.48978775569625815
-0.3384151632833079,0.542575919426553
-0.4089011007644362,0.4259551914507323
-0.3071410995512686,0.531623181693935
-0.4205577021297816,0.4503382186166656
-0.2667212467432495,0.48973676381176734
-0.32988419095185084,0.4097076199423939
-0.2261844837834556,0.4248110610373067
-0.25809914687694024,0.3754131796050315
-0.24817597575504144,0.29498778412115595
-0.17805930473452175,0.2664812481649044
-0.2562141820316304,0.2329415851533322
-0.2663015497426371,0.18254348340099324
-0.35295540058745806,0.2734602934120213
-0.3378041206945177,0.14546556785760623
-0.48080581791276916,0.3284552695393734
-0.4471644494687419,0.11897324380814409
-0.5366292694099545,0.37059053998440744
-0.5833975786825094,0.13300448007311585
-0.5052382819082142,0.47968361007759747
-0.6259551190849479,0.170016634336383
-0.5523211459993392,0.4831149270820776
-0.662161572497399,0.2444435424742855
-0.5611385625693722,0.5826541188500407
-0.6704487984575925,0.30025323686187466
0.7693445559763259,-0.05879349436924781
0.5235974183010138,0.25132954261443674
0.8122319548612298,-0.01623512513027151
0.6123584202777718,0.30604484930282294
0.8312829388509789,0.11974777529560855
0.6662382302684803,0.3556919247792951
0.8203925170961246,0.15191042359810708
0.6170906858333459,0.37194295430153795
0.7065685966388627,0.09804653929755687
0.5527408227981283,0.3457803253536338
0.5961693605673727,0.11038616651332864
0.4015424550355551,0.33024519528580665
0.5467622577026735,0.058521820078912094
0.2933062905385692,0.3564629809001895
0.5344717099058384,0.011582578008413336
0.19933347254365325,0.3971676371978172
0.5552834573861044,0.06352430749783715
0.3048942247563912,0.40716800063687636
0.5805995022277407,-0.022688894245726194
0.25909215328813673,0.43907425084791113
0.6014768153166267,-0.08187600774706608
0.21335018311161072,0.5019242417904611
0.6435997921434496,-0.14427576683692886
0.2766711006314647,0.5051463026141617
0.7102118093182846,-0.15435353930479317
0.3882876638781082,0.4756476240371357
0.773877195649661,-0.1308725546152733
0.48409459387458503,0.47368358026834667
0.7842243563575759,-0.09693900724027066
0.5440200560646116,0.3851689822151524
0.7854249339742083,-0.019255951880455563
0.4989128102024972,0.2695534607587799
0.6855789017586137,-0.7652084837786229
0.6279283250412351,0.634768368844554
0.7297172253905425,-0.8132155294502427
0.6339318865366286,0.6965411118029835
0.754265668874808,-0.8968177512164041
0.6044126127537017,0.7573282959221146
0.7129808685350346,-0.9955129235115987
0.5732220573779306,0.8356897125272804
0.6631493795315649,-0.9653756398613844
0.5398890891522136,0.8715410284729134
0.6868335379371359,-0.937467874921965
0.4535880520346815,0.866603233639621
0.5624233230403249,-0.8621808990228985
0.42575823503546517,0.8205818200131872
0.5493367548860469,-0.8137690640221749
0.3462764317260004,0.7977952889187477
0.5599343380068649,-0.7280696451115676
0.3089008639822678,0.7283221228781604
0.489726513092058,-0.6758405326302681
0.23077206631201647,0.6651976185735416
0.5676350926561454,-0.6505496971755202
0.27722504813401744,0.6263847566209588
0.5740985017354916,-0.5823858241842518
0.3553712420277012,0.5836846522195551
0.6382333619362718,-0.598332341427574
0.37881493434334934,0.5359731237266069
0.6766349138545892,-0.6005531280023113
0.4711143626179524,0.5326668788209146
0.7364276677582305,-0.624998523133405
0.5175558380852021,0.5924872417326879
0.7854929098080498,-0.7169031923291536
0.6000406965237265,0.5809061979324
0.13686007594176153,-0.36654088980399374
0.32085799979137186,0.0018898152311632042
0.08540543430199359,-0.4304163246581115
0.2859806254646493,0.019212813588875676
0.062359774465875865,-0.5113931082412689
0.3617864308029661,0.07833454860158018
0.027874317007670592,-0.5307990160108202
0.3534220965279072,0.10701898728196232
0.09318032893353537,-0.6244624764719505
0.30108743040864705,0.19388469712115203
0.13656514020879876,-0.6449004850086505
0.15611445564951343,0.1406155660954446
0.19830753732288067,-0.6874673110937056
0.14666297308652682,0.27353966727698553
0.27769191051673414,-0.6758983465726767
0.08378285678499196,0.24509581619181867
0.3410271982427147,-0.6359117738993892
0.06648143039172838,0.2990261557450825
0.38456858834674956,-0.5883311280273237
0.09209116051324101,0.337916397631191
0.39004353474511033,-0.5496505042858261
0.14094907400936482,0.2990639999892883
0.35029249785961325,-0.5186041056830394
0.16784301499560142,0.27037369665690014
0.3680828649196508,-0.41902135565729065
0.2246430131040041,0.2616603239017841
0.3089675579882394,-0.38470781197794235
0.22845236929628318,0.15455715740875933
0.20850514806707843,-0.3527066029131925
0.31260154115082994,0.11287035680490745
0.18124710387073623,-0.35042004320640296
0.28294804934394396,0.0006458028039683671
-0.5577223955787076,0.6942840093557697
-0.7921243245521702,0.36954735459052873
-0.5543313018162317,0.7085211378983284
-0.7463085502863992,0.42013088256623843
-0.5159301601570816,0.6843522979113378
-0.7182521449756247,0.4679460529635485
-0.4944517282785051,0.6598775227407929
-0.6733113834434213,0.5112521423312387
-0.5272401884583563,0.6262077033802853
-0.6199468323479155,0.5243796389334443
-0.4779547766527548,0.6349804667119381
-0.5694438444290937,0.495409625579494
-0.395199901345367,0.5672170398134757
-0.47741789288215714,0.48100193924686235
-0.3789173323414692,0.5021769466528554
-0.44548346145082024,0.42869127986705097
-0.4319482936999186,0.3157718996489356
-0.4154474622333399,0.26398197507400595
-0.45421672783201017,0.280178984366561
-0.44094893660860573,0.1878782415936531
-0.5220005168805905,0.2749011567593409
-0.49273022370526254,0.16352586661415286
-0.5722016047586549,0.3163737607729537
-0.545876315325049,0.1807552529433097
-0.6372963940981891,0.37290805318560893
-0.650613793819491,0.18322363879997958
-0.62939125677881,0.45056815319906807
-0.7096640110107757,0.16954155811816712
-0.6145463501375905,0.5996497219344682
-0.7711821527537909,0.22861098516935296
-0.6111541378362928,0.6410237324357303
-0.8074354886342193,0.28377539375097904
0.8018954512475883,-0.04029762893848298
0.5406788467502527,0.3219725655410033
0.7951251168002558,0.013084190433042028
0.5603453948795449,0.30984511327781655
0.800554069050197,0.09423194759187009
0.5945380461282075,0.342902825718416
0.7935770365369241,0.13318268474456657
0.5711294963742151,0.3478466959191011
0.7226831310287091,0.1248384398863448
0.5049295927388499,0.366787855707365
0.6550768694666194,0.09544653060571336
0.43924905727338165,0.3780888945536322
0.6016229092892613,0.059475259847649495
0.33485120978776545,0.3950095954919172
0.5876009022580176,0.018705483511075385
0.2761367393316379,0.40530108260308756
0.601540555781434,0.0067879362073004915
0.27077346465180585,0.44876169018573314
0.6279134453015405,-0.06032438722113041
0.2375769340466941,0.4759938036249186
0.6393653639161363,-0.1027188706078595
0.24071716263065182,0.5350911949023609
0.6623643195696802,-0.15601917210417848
0.2851631993903451,0.5471022650486611
0.7168066810713386,-0.17253364175806182
0.4043059977973483,0.47806364728090117
0.7740713801874758,-0.18077767090477814
0.4746188453711448,0.4435512996058944
0.7935012333281086,-0.15238548168293883
0.5131656735968947,0.3830546105373464
0.7995484130466405,-0.06390194144455844
0.4881754461266446,0.3289512046689449
0.682941881331941,-0.7466011845379605
0.6286882441229206,0.6768972859632373
0.7420506974125782,-0.8191219482757688
0.6602687777310378,0.7347687673606683
0.7736088957609302,-0.8872572049009537
0.6244029341702005,0.7903574558841406
0.7091750652063267,-0.981368931800526
0.5887342909978305,0.8593593042047056
0.660137353480466,-0.9476205141266439
0.5506300158237502,0.8986880158816236
0.6742487866249859,-0.9099921201270312
0.4623621199184722,0.8966816175203962
0.5691794695946946,-0.845822292719389
0.40965257978923697,0.8604814081983433
0.5411957508799339,-0.7913481872297871
0.3724645563826963,0.8271636971521235
0.5363505371708313,-0.7425058374678762
0.3166219626791405,0.7875792121259431
0.5007531708216482,-0.6693827568025419
0.2911925462519894,0.7181878144428463
0.6022270874356417,-0.6675791505409849
0.3074054296706151,0.6789962115112755
0.5748337516681012,-0.5689635584509588
0.37352162700914116,0.6415500292813126
0.6511355506108537,-0.5905456912970585
0.40842834458130944,0.5942437652281306
0.6779112881341675,-0.5880202955852256
0.483124732850869,0.5928422744312694
0.718909769207172,-0.6490725163673244
0.5603876632396184,0.6270821556088543
0.7765157404868555,-0.7092269328610278
0.6006680449568317,0.6253746991788507
0.12644017427697782,-0.3988649661665329
0.26139716095035676,-0.01665180977876373
0.04367958227079175,-0.4153508866543845
0.26143850787052797,0.01037242830617494
0.07123544628224951,-0.48718010331541445
0.3333260283070468,0.06219072847347159
0.07606163687157289,-0.5414401176331735
0.31392902141453366,0.09778886847151416
0.10698757980343603,-0.590809524889808
0.24155457135706107,0.20909818109182604
0.172599209243012,-0.6507291665814401
0.14906282548899555,0.10806765469036866
0.2135803232697782,-0.6710150695128196
0.10485432647350566,0.23666319067301175
0.2999226386238589,-0.6880385743657659
0.06146425381588992,0.17113342532662815
0.3755935448186495,-0.6262402017864377
0.007726597841024347,0.24229400678658738
0.3948405309058062,-0.5711584844417144
0.007388135162095715,0.2691497548345078
0.38620925762726294,-0.5717418601846884
0.060480082291243395,0.2557573182002533
0.35559818316243774,-0.5152440985891227
0.1017714471288762,0.21654806820858907
0.3927882833603322,-0.37635147956584986
0.2238298034426641,0.24984510851194652
0.3393231704689226,-0.3400852569891565
0.20461659015632772,0.08865631085893962
0.20220889086050964,-0.31872680046052454
0.36102232416145547,0.04452447795875482
0.1490719017220956,-0.30672627960293825
0.3035617695939838,-0.03181009493404897
-0.5206347439303889,0.7247453239614484
-0.8148582171840215,0.36510268820921415
-0.5397258398141047,0.7345669829321485
-0.7830184406675108,0.43067311231074556
-0.4826837087532657,0.7220406104349741
-0.7540599764311353,0.4900501154633454
-0.45665827296729294,0.6980164315909079
-0.6807263403316853,0.5489627134471985
-0.4961819178189715,0.6081944552571243
-0.6316126985335716,0.5532906707047034
-0.45846571800356617,0.6611193387100941
-0.5600481691611976,0.5205774226419944
-0.3569807133124224,0.5977661278234102
-0.4433363727851837,0.49090122263570163
-0.3278022392923371,0.5090525961846021
-0.396887956791947,0.4649596053966099
-0.40456045099762794,0.2673982447159309
-0.37998480452979,0.22318899686342758
-0.4239547765191609,0.24138660324330366
-0.4322476676930947,0.12526707239096596
-0.5251006468522975,0.23420641395612357
-0.5065972398800287,0.1227916282610594
-0.6235204191674403,0.2858433371991749
-0.5578653506242818,0.1168939130422664
-0.6424442282761166,0.3419999748353978
-0.664888726767513,0.1276654662963051
-0.6448666497904709,0.4351611252861595
-0.7421768328548305,0.13402273825985772
-0.636672422985712,0.6049514564502612
-0.8083526347619037,0.2009865556618395
-0.6395731386204196,0.674660273097429
-0.7978054338108479,0.25979645337898694
0.7446522586129997,-0.07051574582880155
0.509534289112812,0.27522546889384897
0.7304772046954058,0.01808379519551832
0.5644418617386084,0.25173295407807283
0.7355692905447108,0.0861809878231707
0.5796878591913199,0.274120992426314
0.6985754186119861,0.12915229883602689
0.5397406207403092,0.2900296183603519
0.6565226537776416,0.1232941962975446
0.4861934753541084,0.3014918198399065
0.6213872906721053,0.10047397053139721
0.42028548133222,0.32214165976297815
0.5863776692582041,0.0579804244306567
0.3547014759736464,0.34960014019508256
0.5613693209354206,0.022041593457655963
0.3089332015187212,0.3659434393693475
0.5478100250110693,-0.011739780908117775
0.27140159803558217,0.3958950348982402
0.5647753388255424,-0.07154815218674045
0.2415085157479158,0.4305963332647674
0.5852600685645276,-0.12616277032381257
0.23841794142845638,0.47053058713265233
0.6142573505637162,-0.19658362836442395
0.2531003784201346,0.5000850930386198
0.6708898689512793,-0.22747600147742025
0.4243960495429774,0.4294628695449983
0.7135976057299837,-0.23645476744225344
0.4439624989354344,0.3912966822385146
0.7357011046626042,-0.18363208799082545
0.4796498624766616,0.3377474795589468
0.7451090678936104,-0.12690690621287856
0.49101984219152384,0.29935805755536427
0.7294360921267942,-0.7139075721292393
0.652629345219852,0.6470589456103231
0.755546794054638,-0.7666838517658302
0.6684582090311545,0.6960340092907293
0.7854826972724693,-0.8547876085938358
0.6382797982322904,0.7652288337441141
0.7511286873734954,-0.9480283350412031
0.6081713541146118,0.8331274870810342
0.7062708020121916,-0.9208105318230637
0.5587755728544819,0.8504213427725924
0.7278255783478212,-0.8958384750314997
0.47172515405378834,0.8662307168655262
0.6227896135317559,-0.8253356381833041
0.4433175013285781,0.8337911652249396
0.6014122551302039,-0.7613778978708914
0.3667977019574123,0.8204917575785419
0.5828154207860621,-0.7131870073999971
0.3112580672759431,0.7543774852006362
0.5318741101523551,-0.6517733837208751
0.26664540567658934,0.7075723947155855
0.6044928427572961,-0.6095326420144835
0.2776127352101195,0.6616424203685789
0.5747813571425628,-0.5001964136543272
0.41613335348764235,0.6502038734993065
0.647979978092948,-0.5196753224179028
0.442556114982643,0.5854687280380766
0.7002583634286752,-0.525584337429474
0.4887115826292382,0.567632026366197
0.7304263440586996,-0.5681246025181971
0.5547994708957661,0.5801061957441511
0.8033991329230175,-0.6558132221623745
0.6267032406814921,0.5856944472734761
0.11711860668019473,-0.39123910122751343
0.2861399877947356,-0.012623922322775821
0.0752409909820359,-0.41345028824040797
0.2669916516594641,0.022996179571263785
0.043159478878548554,-0.48795287635090717
0.3021442201912546,0.06964817301244773
0.05996026521299321,-0.5387656491537188
0.2868898309251477,0.11482521837582528
0.0778854894806207,-0.6025851569652299
0.2629508713738393,0.18579268129109605
0.12842910351659617,-0.6527030208890268
0.13547350477403916,0.08602897242177968
0.1872929838627691,-0.6680352359883663
0.09065149983310046,0.22591307169914837
0.30153792905159854,-0.6555927575499592
0.05590339960031345,0.1452741698716754
0.3160749839226344,-0.594157369381706
0.01173484946812657,0.20393693809930338
0.38197896078448085,-0.5391613177070151
0.04589085266563534,0.23329767864246195
0.37737652843983976,-0.5286827412499048
0.12806154486191956,0.24439160090089074
0.4070075675750782,-0.48299440904027996
0.15772995536005455,0.1926928432512626
0.367364962798357,-0.39252589683514016
0.22308574968573514,0.2085029357867894
0.3128625013010855,-0.3733825540840664
0.25242225561002246,0.06948963572048265
0.23648866244458372,-0.33754648845196855
0.3103212409605509,0.0662377455577151
0.1528416942831873,-0.33573563848929955
0.27970095017201524,0.026758562795807527
-0.5240407048157446,0.6713421579862365
-0.7589932359021705,0.3580169154794538
-0.5305843159178553,0.6841128901073394
-0.7368353271622234,0.4057728409629692
-0.45402345082022005,0.6709886490990106
-0.6920237298872493,0.4546608733949783
-0.4536515302302973,0.6434421941052412
-0.62825831640604,0.5023317039714861
-0.46199813394369316,0.5841347587781882
-0.5693928176399337,0.5117038559088775
-0.434775899972373,0.5934446986186229
-0.5201612370300015,0.5026368793074898
-0.356489664520813,0.5492908985066417
-0.3907714198016727,0.47788695160188355
-0.33295840426988266,0.4797521897047387
-0.3600279880152491,0.433008115249647
-0.38131579651252495,0.25679015809374856
-0.3615723245322916,0.2194578585383911
-0.3867746393324466,0.24295495497610206
-0.4002710508879056,0.15890028624945537
-0.49183769275217853,0.2501857872421496
-0.4754028344087534,0.1385397132869144
-0.5718098962225734,0.2902726769580384
-0.5451439713686217,0.13921834994203577
-0.5718404946834693,0.32981202795811193
-0.6480282990032167,0.1481668149607676
-0.5926075934183629,0.46570110863304537
-0.7203370587340016,0.16938929884304119
-0.584795971732282,0.5574607933683674
-0.7595486396151685,0.2121329750335556
-0.5732306698302648,0.6272664409285807
-0.7483682826833594,0.25587426651512407
0.7250964964868615,-0.05449952651308636
0.5171405918471015,0.2082060873718752
0.7485007685890682,-0.00798084727273385
0.5859117044306198,0.2464957652699826
0.7812583986147297,0.12850296976049136
0.6682058854449532,0.3057538049189123
0.7756455724496506,0.16125280488029176
0.5915044199411593,0.31715296349886424
0.6851435919424365,0.126431070033784
0.5269776978280685,0.3138479229600932
0.5530043626586748,0.10559554575757159
0.3935915961272674,0.2831714991053866
0.502077450303397,0.09352080876812863
0.3187031998267242,0.3183906465741567
0.49486295322307877,0.05051564902623796
0.2342978346217276,0.35843319873210183
0.485263069903832,0.05129864203024828
0.23260567500618634,0.38743933912290646
0.5196968345241433,-0.028351964770928176
0.22630867714216357,0.4111705801004699
0.549567092328065,-0.09864834757132253
0.19621933334860922,0.45902444811484766
0.5787790200893744,-0.20027158395339664
0.2611727794775076,0.4857831506466133
0.6426718928677569,-0.20948878818260186
0.3860971419723324,0.44115371181264523
0.7207295486108587,-0.2090082038248017
0.4607221226248276,0.4531051999309679
0.7917424833467465,-0.20024711084233088
0.5181628375777823,0.341859773370172
0.7667786238362103,-0.08581665741488864
0.4765100609452913,0.24217210525635566
0.7313979772800454,-0.7435164299312687
0.687743835943787,0.6423694994977401
0.749364444794686,-0.7824564040316516
0.6919251827540874,0.6915519711465008
0.8104191208564427,-0.8905060896234118
0.6515553507136845,0.7950364172549951
0.7643123406946497,-0.99580654132778
0.6232606007800869,0.8733800564186843
0.6938349501350574,-0.9704134689966246
0.5772767877409765,0.8844857472754553
0.7419150750224125,-0.9266185529339499
0.47094456417706826,0.9006550746684997
0.5959868838456494,-0.8408024765028026
0.43880504674332665,0.8626034340480996
0.5907599828231365,-0.7790736154776331
0.3116985454557732,0.8409463285620334
0.5792762036327487,-0.7311789039815563
0.3461985698340637,0.7736395023354848
0.5021115057847969,-0.639722713638733
0.22221218429917383,0.7198271332512091
0.5895044843386898,-0.6105838558565192
0.26796993539872593,0.6608936194952288
0.5564302695709744,-0.5237157229085926
0.3684561378860549,0.635626304369153
0.645280809870579,-0.5405049858980172
0.41486386090876226,0.5842770667453896
0.7010706010869378,-0.5317828366226636
0.5039662454207934,0.5316529864465991
0.7563755739229695,-0.5672377815917318
0.5458594219130233,0.5940780977959486
0.8228995082767934,-0.6659561915236831
0.6506162763559853,0.559361835800328
0.13384168657670467,-0.38403883385100546
0.3018636895769144,0.02938268833499857
0.09576654983938143,-0.4127158358116993
0.32464314956985885,0.04192957114650592
0.062441494980582914,-0.45999287175064263
0.35193658816761764,0.0771157630418301
0.03802152934644412,-0.5006712276071086
0.33575946104016663,0.1234258184929074
0.03988230232265166,-0.6299973732967492
0.3028845222045723,0.15538690534995603
0.10905953013105012,-0.674858477243854
0.10579522608057887,0.09147269865107885
0.1582284704914847,-0.7040762226598545
0.11739652458001915,0.2433847910582832
0.3197221784842745,-0.6158446765542697
0.052625757370656695,0.20759741474193297
0.3448884526186715,-0.5877689216919529
0.057938647724728905,0.2434206905859652
0.3569862625660958,-0.5339050645690508
0.08992702376313685,0.2624984111043406
0.3668735577123946,-0.4904885746406491
0.14786312408212496,0.24636834402875288
0.36016345018559326,-0.45051525366291
0.17660328907086625,0.21930134509495594
0.33808175416679764,-0.4150002883705591
0.20597119822173704,0.17996711196901538
0.2753980231905363,-0.3692503966176995
0.21931332133620907,0.10783728793080398
0.2158012043756075,-0.36255625785063844
0.25833797033682054,0.07552606647755354
0.18549468829183977,-0.3654668316381821
0.27832066671648525,0.05940651577873816
-0.5513854239725502,0.6261784560157365
-0.7274287022471492,0.37267247348965965
-0.5270544435415961,0.6407558334829154
-0.691073019217679,0.42296621714318816
-0.5092461480841862,0.6176464150234687
-0.6561425316548479,0.47797518953937146
-0.5075259343315052,0.5964295490690711
-0.6024799101095683,0.5181851998530741
-0.5219289055270324,0.5632287796305778
-0.5545974671061497,0.5324947349360297
-0.498168122191612,0.568402777471031
-0.5059116629892149,0.5374157691488293
-0.4327833125868988,0.5256425245688717
-0.4432328960750383,0.5138776467652313
-0.3980028636268172,0.5046342570786492
-0.4177111853990237,0.4955085854930123
-0.44887444642565544,0.2532578685582147
-0.4470398808762402,0.24102086526165717
-0.4789840385566485,0.24460625550029186
-0.461502255253329,0.2051272616104476
-0.5182215346129414,0.24835178629539692
-0.5173976404026203,0.21877531571030243
-0.5595442142204115,0.275034101673044
-0.5660504783307592,0.23247918725523928
-0.588622100132874,0.3484220000658182
-0.6167129812461339,0.20942470861860438
-0.5935569893172541,0.43969203622585973
-0.6857333385915909,0.20557696981826548
-0.5969864457313867,0.5443473950818994
-0.7414911534100733,0.24942489242799062
-0.585900929690319,0.5884036421510477
-0.7511021413399813,0.287368279971412
0.6917715780736783,0.17488419138571393
0.6641428078946551,0.2224331073972848
0.7135396440579256,0.20061844767227818
0.6995531485660529,0.22954073914985892
0.71546502285605,0.24074947095598062
0.6994607782838982,0.2625968787982268
0.6723450558809219,0.28525367170144833
0.6821965356835511,0.30339175968660176
0.6340103780552918,0.29580699461716253
0.6193240842759563,0.31531318738750286
0.5899355646134399,0.2851727691971142
0.5635589788146266,0.32391784477780616
0.5686743831670658,0.258934137805187
0.5156594892341565,0.31994202766492247
0.5804428496330618,0.2033257507148812
0.4490189440981413,0.3480937623027602
0.5996539498652217,0.1479009456832613
0.3912467937171122,0.39568535104228536
0.631708233353669,0.03809283621989883
0.32964832934078653,0.4536276243308818
0.65104314122942,-0.03003478371950049
0.30571361526230895,0.47929290223964843
0.6779900388551534,-0.07800277413385538
0.34027959824764503,0.4623534653588539
0.7221654808773762,-0.07171531375729297
0.41094689170437754,0.44268232751458847
0.7446745598624991,-0.0457580295759039
0.46991084948363915,0.40649328104129984
0.7479468067040307,0.005574862171140619
0.5240321562568129,0.35096384492937166
0.7367808238090938,0.07176495053574285
0.5872437712292805,0.295232894463706
0.690108454758001,-0.8012722700016649
0.5514351299464381,0.6308888382065458
0.6802049520341745,-0.8409967703309131
0.5563904823378809,0.6664602949618431
0.6824339066121741,-0.8795432694994191
0.5547522766128439,0.7207892410143341
0.6900843747391782,-0.918719882172087
0.5405217179017001,0.7549010744864275
0.6530812956608953,-0.9146050139662466
0.4963794746966168,0.7848010606965726
0.6287682930067684,-0.8773657855485401
0.4529445269073221,0.7929631983232119
0.5886729709654018,-0.8325799195374861
0.397386421163686,0.762134995273303
0.565873068275418,-0.7959119306663841
0.348503858591713,0.7289490237423142
0.5361900311862609,-0.7481969461606633
0.29969022743063134,0.6474479056602863
0.5062360280883086,-0.6915070419234309
0.2658291240849071,0.5767868632913992
0.5457870770298435,-0.6777831385470292
0.29677998810681383,0.5434032451113185
0.57530968636654,-0.6548016378797027
0.32203883336928546,0.5108966295173485
0.6270302207260903,-0.6469335207236875
0.34925791072031265,0.46234491598247524
0.6624880376939783,-0.6652547154786831
0.4194676366591404,0.4862490864158984
0.6886160562041812,-0.6989303047772111
0.474577016310877,0.5308797153366859
0.7016145520644678,-0.7477870688518757
0.5205975724227164,0.5804760371028325
0.1445526258163257,-0.420486481498469
0.3054730449961152,0.059028656111017305
0.11380334629593856,-0.46425749392778937
0.29029064750443695,0.05285072758837942
0.09214298181521195,-0.5203901345080795
0.30556597730457885,0.08397827036386989
0.10345032865920097,-0.5681473722255437
0.2904283785563114,0.13632915236101928
0.1328970759875797,-0.6121872358784928
0.2672188501064491,0.16754619862821862
0.1704215719808421,-0.6350984025469858
0.2268498031648954,0.21749526789475818
0.2234789955341689,-0.6464250631445019
0.18406749829668032,0.26317165702586814
0.2799399766048168,-0.6612393089810799
0.15791398956504643,0.28789302174934633
0.3540884846759559,-0.6622483143175159
0.15662383700141336,0.3554920649769167
0.40957471526296124,-0.6505834947450558
0.18570639636546488,0.4153039627935126
0.3898372422886681,-0.6090098775120487
0.18401300187346792,0.37324040877068015
0.355801710539157,-0.5585539350487837
0.20395754612080824,0.33476775366189165
0.32049063454798354,-0.4880537684190416
0.25633692376619355,0.326746278022888
0.2724452505377962,-0.44503691593920364
0.2563089358990109,0.2251854507937656
0.22038370162971024,-0.416245736738965
0.2718875176391448,0.1704339026914509
0.16763508429039628,-0.40961593134574
0.27625653578642007,0.0996292807283727
-0.5750270007832958,0.6701107519746847
-0.7578468092674757,0.34469994823722755
-0.5496638513200904,0.6889496454374251
-0.7518960347621073,0.3943873962166536
-0.5022447603555527,0.7069666563736093
-0.7290001840815993,0.4234523220737499
-0.47992010501282073,0.6737432609162087
-0.686479141559568,0.4413097485433882
-0.46872242236038064,0.6358128761258269
-0.6194994647890516,0.439156796759251
-0.4532215847271017,0.5980340500934184
-0.56899584242173,0.42120509994683264
-0.42654663170677637,0.5522414833166228
-0.525385971842289,0.39949844382565497
-0.4175178510176984,0.48042103370239136
-0.4841439571478417,0.3563540683126603
-0.42531161512289134,0.412868873983888
-0.459317052951087,0.30963242275039327
-0.4556992155612294,0.3577218307184664
-0.44187214833824745,0.25978129214949264
-0.5065797137781161,0.3490427677082011
-0.4767659637185279,0.22046606090786777
-0.5585991558945912,0.37228052456109034
-0.5259064509901131,0.20403094524345447
-0.5966263504244539,0.4432234948249963
-0.5892962834760673,0.20300240118978446
-0.6129702849831361,0.5060422162406093
-0.6567620074554212,0.2211148819718943
-0.6126905828221575,0.5749125072625687
-0.7036567578625011,0.25520108826830046
-0.601473849539795,0.6272963226118276
-0.7316183079182738,0.29411952195080404
0.8363649241958931,0.0071968887913699845
0.5525364236417782,0.38329019454256213
0.8383907093308216,0.04358599893223306
0.5882499406637696,0.3656793218909824
0.8261847847331573,0.07063449136950559
0.5817795020084114,0.3921649367254686
0.8053145730090498,0.10530561075161847
0.5377569021486092,0.4057735054865638
0.7570734292381649,0.1176910017208708
0.5075898908277227,0.4246170213485847
0.7102519553759031,0.09753103149652272
0.466636554172276,0.4355743071045665
0.6771666857168931,0.0537449163140925
0.3869071803274329,0.453308957078607
0.6729091684336533,0.022931965629070555
0.3385766987160535,0.4742192795724321
0.6735622315583517,-0.012658577924147782
0.2989066808568215,0.5047301249680296
0.6924653346224824,-0.0464948418723452
0.2823722138395054,0.5204911837435201
0.6941199311346128,-0.0853332372197289
0.30557322274429505,0.5396457392749536
0.7146652282366557,-0.11540314750414492
0.34763360713161984,0.5350893995544687
0.7605874268897358,-0.12461594226618118
0.4026790325949614,0.5283104387162874
0.7964639083623137,-0.12384479261121197
0.44155948987414806,0.48160888756532916
0.8212208546147834,-0.08797334449844359
0.4970582686603588,0.4322041468235191
0.8344154515620408,-0.03885407172665525
0.5194859842852269,0.394095012628753
0.704419818362718,-0.7966600408780088
0.5800522331039716,0.6960869198803784
0.7074611776741637,-0.8320162297190131
0.6026078758431848,0.7383957917148289
0.700778886511522,-0.8798559992609328
0.5842786639077137,0.7813421318166218
0.6837865789658095,-0.9078108629464149
0.5583948385033687,0.8209127883807003
0.6508397148929708,-0.8887407603140562
0.5106398042907231,0.8496017863878573
0.6208126891085513,-0.8543559606496516
0.4758098481361147,0.8528346931654219
0.5625355421362345,-0.8038151211913614
0.4274770799332445,0.8381194240617738
0.5234538457714423,-0.7665143166743449
0.3885857428975739,0.8194034388894904
0.4860917139379299,-0.7120007377917504
0.36806751987243264,0.7785826943448948
0.5292801939001814,-0.6890950637287337
0.3519089382799977,0.7364055042202525
0.5672408731993229,-0.6678733742428146
0.3682694711780512,0.7000444692682696
0.6054203157290498,-0.6405098776770894
0.39132974862332814,0.6739546314571612
0.6439549771814825,-0.6349210385119423
0.42665895178038543,0.6283555192341873
0.6737689380482978,-0.6621264977451432
0.4765845292007891,0.6419253607470422
0.6929014949621434,-0.7048538270843863
0.52894602967221,0.6523828244730812
0.709289780711243,-0.7489777520690231
0.5553533253712618,0.6734066657840808
0.1137771325893733,-0.43550803749320127
0.2017268446297437,0.02274782710240402
0.09663037410819114,-0.45698048752733783
0.22252047797523786,0.02280779731675688
0.10517235145887835,-0.4908613609989615
0.24910320454292395,0.05862703235161502
0.13122054065171967,-0.527747915843329
0.24730452492272567,0.09788978645661017
0.1622220172548173,-0.5792460736445814
0.20392030450023443,0.14127329922266468
0.213742178301981,-0.6133039205198997
0.14574143172193044,0.16008129289166434
0.27097415318953083,-0.6349706674140088
0.10362136732352797,0.18170077135050766
0.3168369845808592,-0.646800915614588
0.04502306914876593,0.19454678298451156
0.36966890735256075,-0.6497579389593351
-0.011215056688773458,0.1985123260153531
0.3542376119069916,-0.6102012215709003
-0.08709868384306604,0.21580052454903
0.33659176768385946,-0.5591184869710698
-0.04146682283085585,0.20468680346786386
0.3092009296189507,-0.5281811191326914
0.0063545538655062845,0.1717362625871365
0.28018944660894135,-0.4953598807576366
0.05890062023067749,0.11785444357635644
0.2449972186279056,-0.4591448670731995
0.10426003399457391,0.0638555588602991
0.2133296630376219,-0.42986227642700076
0.14591681402497972,0.03832793434764161
0.16732837239018067,-0.4309620391095182
0.1742695812579328,0.020715802093894873
-0.5959519543080481,0.7195530769694805
-0.794068160257445,0.3087338479401671
-0.5449177508631955,0.7535961018227082
-0.7953269903068546,0.3647776094081407
-0.4811908327926667,0.7454791823688397
-0.747114981386644,0.4027136331151596
-0.4504078013940909,0.7234577149952828
-0.7054962504585061,0.40787186815965065
-0.4319962698945707,0.6898265476071672
-0.6825607449027153,0.4174285075280127
-0.4120116575937447,0.6519336304380212
-0.6232695928196302,0.4042505166210138
-0.3837445302786965,0.6177089535976963
-0.5733896687081219,0.39403922052775125
-0.3772703621162418,0.5734125033388536
-0.5267176341751221,0.3706667597837341
-0.3849260883689745,0.3758487595494291
-0.49634375389222335,0.33531387348481106
-0.4179178823128178,0.3196721681073874
-0.25264429271157723,0.21075818251840492
-0.5012129031191167,0.29929744702541694
-0.3700136887509513,0.18332008488250462
-0.6011252380138555,0.32009263860843973
-0.4783074498975658,0.17520929134034866
-0.6470392506588193,0.5251886289357007
-0.5740571083134844,0.17294396927935324
-0.6427130483824645,0.570742251623357
-0.6601448251206378,0.19243695647222778
-0.6385690065518355,0.619655485088266
-0.7273432651379802,0.22290058781810348
-0.611244360010408,0.6800964508809786
-0.7727400593674548,0.267711605775622
0.8218232937339361,0.05524706086093951
0.6082369773633006,0.3395376415243515
0.8467865220972939,0.10168259923480454
0.672966048875366,0.3398255034369559
0.8324411008312468,0.17113158405697848
0.6222635478515101,0.3034755892514905
0.8018360379949365,0.19136548750820606
0.6489959409969706,0.3830205954657128
0.7342849298426375,0.19068332393517995
0.6064837541359138,0.43240484956567915
0.6809665727400454,0.17387878394029327
0.5374724251745212,0.42665399719904507
0.620479607788996,0.12069659763674596
0.3967173045061177,0.4201937367998951
0.6007233068186197,0.0728695292530954
0.3189162744390662,0.43513331178886305
0.7122757410731846,0.03400619237261542
0.24140002274634026,0.5038319268026612
0.7238211800726575,-0.042162269336081006
0.23254990127084246,0.5943946396365809
0.6474142072414162,-0.12507374849821742
0.25020487121551405,0.5705928317634124
0.681994699344873,-0.1782050657318442
0.27123128368366095,0.5397473097472414
0.7565505393948454,-0.1967604058556835
0.3693144730069006,0.5598430202895631
0.8385193969683296,-0.17147687469433662
0.388769776039376,0.41107880288952264
0.866979505930073,-0.11196664130357888
0.46234049999148624,0.4586343713510507
0.8842687245926305,-0.016061870863966335
0.5839587726336694,0.4257608938194313
0.6632916315407889,-0.8471576564427183
0.6571321214780442,0.6352646844725997
0.6590808828680457,-0.8959815001522321
0.6601714039177932,0.7664965421756678
0.7534497693261896,-0.9180320683317587
0.6531463609627466,0.7925549415553721
0.7409718765318274,-0.9515704738954399
0.6220271655798508,0.8434365458385925
0.7037946030090068,-0.9353511215086019
0.5435772576297154,0.8373377759495623
0.7136885722659284,-0.855849783174688
0.4984716467952479,0.9191899742957556
0.5638167129839377,-0.8747701943595183
0.4032553496239386,0.8933843597096867
0.6048383535710468,-0.7908171418060775
0.3548701620819919,0.8728495810596449
0.5001436400482873,-0.7711283743153194
0.300766832822538,0.8053343503212372
0.5020371828618826,-0.7350936813411391
0.2736935019793674,0.7420455512426919
0.534767478127547,-0.6180831657268269
0.2891784571223163,0.688148860774321
0.5925577499190943,-0.5511770684345956
0.34094957536113935,0.6538044809305121
0.6617021688240534,-0.5618816808251789
0.4256300273196881,0.5969790440253063
0.7155930198797525,-0.6023040747857311
0.49066326281163186,0.6220017093201341
0.7143660185740196,-0.6733346521654497
0.5659832430401532,0.5877368637008517
0.8099628589607072,-0.707660139017947
0.6112948023264819,0.6403745696989805
0.0697795346356817,-0.39467371079561914
0.2624681663301491,-0.04397183102384712
0.021395072219811295,-0.4414186491763807
0.22565379428462223,-0.026726823383830135
0.016854189848996715,-0.46086694542579654
0.3266583266152064,0.07239795739047651
0.05243889582719019,-0.5611863349370613
0.3229996935470968,0.1323930760749445
0.10372993449574267,-0.6200676678898555
0.2518770456693101,0.1895103993320245
0.15325563711844795,-0.6738392115413019
0.18442891605879916,0.21197645388655928
0.223430901771248,-0.7038891024598698
0.11908296368629107,0.2563569600876726
0.289349324473071,-0.7056949945020695
0.029825676887869215,0.16260238406862848
0.37582282671324974,-0.6964765499894398
-0.004831217611931817,0.22493508329754966
0.41406047349579694,-0.6348879605437634
-0.012808172260502987,0.28986242850519733
0.43143427801677986,-0.5222521380649173
-0.0016253232456057399,0.32047717041858464
0.28919365395139557,-0.6288745206985088
0.0060865599256148505,0.26503660465660167
0.32970594191481006,-0.4530393021569886
0.12978557746289454,0.15429111244819177
0.23382239652825693,-0.4473875578067559
0.13942404079856738,0.05183362323537699
0.21929730480755869,-0.3648781264725476
0.15613555471283497,0.0035210047850126555
0.09210948481700788,-0.40193927641687
0.18516415117423082,-0.039492029019603976
-0.6273908726718738,0.7583368186379311
-0.8521132500008909,0.31769895742877874
-0.5581118404261265,0.8087968407051569
-0.8602369388423339,0.39639399344794674
-0.44496313275427896,0.7797041096181462
-0.7945501504115718,0.4676860811558235
-0.4029323099631397,0.7517570928039486
-0.7513144114194303,0.45189667836948905
-0.3844815315126609,0.6871557262272242
-0.6035182497206419,0.40949975131975297
-0.38610071144595703,0.6395429617314724
-0.5849371378959303,0.4587039480337934
-0.3110845747278519,0.6096642908501894
-0.5118279220807412,0.4241533372675722
-0.30866314582574533,0.5474817401733243
-0.43576355429631874,0.36526955030424146
-0.35750103310376946,0.3364981151130647
-0.4382958013258308,0.3029011287324329
-0.36463171917874065,0.2792194419331601
-0.2993432405303838,0.16712682361311243
-0.4649339927928484,0.25904009801157424
-0.3825507447579249,0.11715046157716474
-0.5898292347467436,0.2824623349885191
-0.5093399402240579,0.10796210811909694
-0.6687083509460654,0.4461906093613004
-0.6110317618072671,0.11138003263771015
-0.6796338492149421,0.5369394156804052
-0.7034798957109092,0.12253367673829428
-0.6884308055795466,0.6337219986985239
-0.7817327930700596,0.19323214885016965
-0.6683539969114698,0.697421020887593
-0.8387419204414778,0.26910167710045346
0.7834591954338379,0.11418073294590507
0.6453663857220638,0.2938811361979316
0.7928494145483274,0.16236594624782533
0.7326407728197792,0.3066142104943778
0.7964075418327751,0.22262599612419348
0.6630254087035478,0.26821914039491324
0.7751261851802388,0.2590682632866368
0.7072019094373272,0.3559409949093255
0.719760869842162,0.26537183255705626
0.6510152015336457,0.39877790759371434
0.6470473149314878,0.23525701139425204
0.5786902616758385,0.37308295012620385
0.5760389281465863,0.18622837193925132
0.42366519087012133,0.35458744495843597
0.5582237314632967,0.14491431653455195
0.3503499666190567,0.39067339545633833
0.6842791438488517,0.08265388974122163
0.2876228362656962,0.45718619830758184
0.7021633279077901,9.692482678427316e-05
0.2477552429653823,0.5499029086309464
0.6219824595675539,-0.08162382951076735
0.22846341446982218,0.5519488170471997
0.691676586915649,-0.13699037643541395
0.24552969116789095,0.5136788181186753
0.7569042637100564,-0.1725236579015804
0.3725367986121395,0.5093765382423567
0.8178471705551963,-0.14184444847294464
0.39643462604046986,0.3707357641821767
0.8324145317539732,-0.0688309582196483
0.4809104135773372,0.4109967125023199
0.836314491660359,0.022250973193924186
0.6151180669989449,0.3858405773527644
0.6221987950710013,-0.8723767626057718
0.6454330641839912,0.6508703381873308
0.6367533228385314,-0.912573831970045
0.6299002254585637,0.7158982403192369
0.7390662146845366,-0.9341799382733541
0.6302274414659476,0.7708459755771464
0.7455649404263872,-0.988926929205971
0.604101547887297,0.804047928551591
0.6905532001428427,-0.9803756694423728
0.5216136186469744,0.8082971894995584
0.7212509106414163,-0.8907274929341396
0.4932132380069382,0.8781284331936452
0.5416297954725151,-0.9004471668590633
0.398270798356577,0.8601437348507364
0.6263236555129205,-0.7881243572991606
0.3383996605925029,0.8395136076226086
0.49842723587669124,-0.7948373776838619
0.27074012686353,0.7540944172666865
0.4690018566570055,-0.7210712832033209
0.2247273462664526,0.6788471191512947
0.5179487054481331,-0.6333448530953982
0.24252598824839625,0.6226377381059109
0.5931491443237175,-0.5761229570661123
0.32508366685214035,0.5955698081603048
0.6748688954989658,-0.554409611905054
0.41946985647262386,0.5528752352070472
0.7398424240344506,-0.633582953193591
0.4647854421213494,0.5762347114619746
0.7066531697394417,-0.6820802781224595
0.5691752226579324,0.5380441008268355
0.8050702158419291,-0.7342371258662403
0.6124476646185404,0.6023382712627713
0.08693796459144951,-0.36780764230430396
0.3183732133189169,-0.021812777467737847
0.040033955694968086,-0.47289547205544924
0.28425308154358714,-0.024203303867227483
0.02583265050298548,-0.4495529472072696
0.3579729200704837,0.04804035159219045
0.017392572863003775,-0.5756813369189131
0.36554010973667794,0.14138130530914317
0.06452003853146031,-0.6384505499151398
0.3045068383848655,0.18528076787199302
0.13187038861983386,-0.7005936457486127
0.1907615872878116,0.2508241957778491
0.20439037326809223,-0.7264894028478193
0.1129153756826818,0.31376812073902494
0.2643537317498002,-0.7193455667824291
0.06811793633983514,0.2108340870994436
0.36857636252733333,-0.6861822102884232
0.03789666786405519,0.2951001462485877
0.42730120494467483,-0.6629803528521813
0.07437678535822238,0.3669127461658503
0.4455810634306886,-0.5579970355917724
0.08048729899489887,0.3954726966243787
0.3275491557087924,-0.6508303986901822
0.09526221460342757,0.3167836976785634
0.39023886401383084,-0.4524550173817422
0.187745213680154,0.2203756630063889
0.2556234811376208,-0.44725045643231565
0.18679404195958116,0.10935750305273978
0.258841476429361,-0.3388733561970517
0.21050404800613282,0.05617692893426977
0.09803320913653092,-0.36534644636913727
0.22783614792454188,0.0053656900432601665
-0.6139553768334091,0.7342650247559627
-0.8276949783195375,0.34516547236276235
-0.5572701329496398,0.7589399356800998
-0.8221059801052358,0.40203727629933017
-0.4586912684909879,0.7509364088114929
-0.7633635542112305,0.47836663789345046
-0.4181079246873811,0.7154145293632499
-0.7163953843648506,0.487098094602033
-0.42492987580324,0.6399276789314885
-0.5569398089121461,0.45032399237530607
-0.4110121800187928,0.6121414837457511
-0.5376225866420884,0.4628653619477114
-0.3471644406334353,0.5749181837310811
-0.4613078276883427,0.4520332197890668
-0.3388594367308914,0.4939795551171789
-0.40616808025148327,0.3901761984638183
-0.3795636822282297,0.3089705516579525
-0.3985454074999729,0.28822513050701554
-0.4203651847938221,0.2768774006867166
-0.3822811810108749,0.17673179703651723
-0.48359916744827186,0.2811326022950443
-0.4449698441015984,0.15960203825180738
-0.5518251270774334,0.3159600023895175
-0.5313752372530152,0.15202400182871362
-0.6203274085317293,0.3977098107859508
-0.6058065287847716,0.1398804436872946
-0.6565240393175764,0.4800344943874667
-0.6859526505096395,0.16280119951982996
-0.660159780298251,0.5846696597614992
-0.7517904006788382,0.20448599239985202
-0.6462742146399649,0.652655214184329
-0.7788404673224949,0.27765729928139593
0.7067164406673289,0.004535168240006354
0.6098615596397505,0.1731453078645891
0.8746206111613503,0.06097947634156565
0.7043806774066164,0.3126991561354053
0.8397977452781551,0.1316783522853958
0.5881812223346841,0.23056514539167797
0.8364449125804815,0.2197006201107729
0.7008364079284876,0.3750189273356952
0.7723168091857551,0.19541051758052952
0.6509797339044563,0.44870287785122787
0.5000324719928146,0.20055900181352257
0.4327193549605439,0.296872954260944
0.4406859335140711,0.17432065300550978
0.30817440805041124,0.32482115503791487
0.4232796909888363,0.13879537289501306
0.24917694174674773,0.3464856957481993
0.7517955655678624,0.03429214562866563
0.14644312834753562,0.5151126882453849
0.6563775708822958,-0.05051451932656166
0.15780567950090146,0.6095465162929659
0.5681739707361027,-0.16602727218553054
0.16423436420277857,0.5547095439409461
0.6325610268430937,-0.2297459962520204
0.1553452776921894,0.4856033840820734
0.7222841875276177,-0.2793189636415643
0.2756102265448193,0.5347261406070114
0.8124270672748911,-0.24560691067928955
0.34026311046168006,0.32749383860168263
0.8658124108028206,-0.17480450892419172
0.3999816258309932,0.36946929182330174
0.8923002117677249,-0.0865283790700271
0.6224253156448168,0.42621271640125247
0.6366893383118539,-0.8903805589852039
0.7047535071788559,0.5874910784497691
0.6478850238159181,-0.9548934387000484
0.7018404339357094,0.7031833467269775
0.8372988118156588,-0.9572872314198198
0.7022795685431428,0.7630041191075196
0.8494818600060494,-0.9701007514322341
0.6666631223914485,0.8173043925145131
0.8118611901994098,-0.9887274343271025
0.48319233668928707,0.8091459137678053
0.8818739148522492,-0.8920075964527263
0.5478311801806222,1.0
0.5458636553873469,-0.9697968301666791
0.397738737178228,0.9924796627386491
0.7470314829998789,-0.8076213016647528
0.3058454017052553,0.9474745212348017
0.47611743373833365,-0.8787606674311196
0.22843527761226468,0.8733878194195601
0.45313245920192263,-0.7886557309675732
0.17270445762964762,0.7987478081084327
0.514753471249506,-0.5746783965958987
0.15209811414882113,0.7208474081714215
0.6215348881412937,-0.4587950110246478
0.3074683454352309,0.6957941062917912
0.7673720774642983,-0.4527591464165982
0.47574135987744,0.6540288104534832
0.8495970071567667,-0.5544955656811301
0.5078207912687527,0.654719319188202
0.7400438029573191,-0.6735095876024757
0.7052824827691845,0.5325842365288435
0.9257391453590877,-0.6999575656359859
0.7653774432062508,0.6278754862341872
0.013608570440922953,-0.31165429094789
0.3278392247845545,-0.12951200976676278
-0.07226058834339931,-0.5124112557471542
0.2546727375303297,-0.12820571487602525
-0.07898277065196771,-0.44902044169019384
0.3890683897549412,-0.040451314555781215
-0.05892541961764419,-0.6274205977989756
0.38589697820575247,0.18051622097878034
-0.018752058765828646,-0.7183758461716763
0.38155383538445314,0.15580085275425598
0.05309099877053744,-0.7617394681989376
0.0961726290528624,0.287168465941922
0.1464448703037515,-0.8084107068013549
0.031031113654511944,0.37981998455654253
0.22809126538558996,-0.7987758047769983
-0.04046287298057314,0.10365808588995003
0.3544142341558135,-0.7800407566029128
-0.07484681803916701,0.18112014873372004
0.45994705731809454,-0.6191904378032176
-0.01995650735867317,0.35258952504632796
0.509998850841406,-0.48698843876730397
-0.012425492708922202,0.46180733948000224
0.3052080043428311,-0.7928955412471466
-0.0478521959733947,0.31453698998795515
0.4666800075040815,-0.3935909797883793
0.05089460364808994,0.08919833939425874
0.21952756045277128,-0.5111371319541117
0.11167654716237073,-0.009854699684448904
0.2440973093567948,-0.27037029499789245
0.14618408827695037,-0.0599272985108222
0.0032661879967227775,-0.3584663207516924
0.18413903004811374,-0.10159992698160121
-0.626072197448801,0.816142896851717
-0.8891768007284523,0.3026831587967994
-0.5159166709492803,0.829409264852373
-0.8591626965160624,0.46328188888434085
-0.4448635772783136,0.6115037344436457
-0.6276249834811545,0.47398032460641637
-0.3751867666077165,0.584037573472594
-0.5704582015284623,0.4769819922421597
-0.31582188605365963,0.5579980077959796
-0.40217657168061116,0.4097855062792206
-0.2838916458632709,0.536275365110858
-0.4105850881506789,0.41839847234237837
-0.22201977866755224,0.5036318553699337
-0.3214983347224332,0.4226826413196446
-0.19879526238593825,0.453283655552243
-0.2501336667996345,0.3553621648495813
-0.22877897632819813,0.2743544304135929
-0.195586318031244,0.2836614290798847
-0.2853116599289639,0.24102063823985356
-0.24114759020522317,0.17606571893785403
-0.3488567492305405,0.24790233351284577
-0.3266069062519882,0.11764452411344906
-0.49547472153156247,0.3060473105321635
-0.44078144954054943,0.09216689644874922
-0.5578312576169447,0.36007530153607153
-0.557968149275402,0.10108741853073915
-0.600913041885258,0.5122661790100893
-0.6450984975517147,0.12437864891770047
-0.6267778359232592,0.5948147679199397
-0.7189121245933493,0.19761403496862398
-0.6043820096932363,0.6407230669273732
-0.7253882438516065,0.27130941904983846
0.7545428885972312,-0.004718994026779244
0.610455709865762,0.25702136177409907
0.8129898781560477,0.051185490006474044
0.6418907162391472,0.28322274900339256
0.764132460736284,0.09409575870524453
0.6026202571355344,0.22946367781963567
0.7605132181671598,0.18590831827007498
0.6335569370026076,0.3488349655061478
0.7165075589675227,0.16194612467251818
0.5784446354030472,0.40425646992265274
0.5788138029582136,0.15592900386870165
0.4612607224558956,0.3362803298084958
0.5322947155907378,0.12883365041528932
0.33353017698976123,0.3748973765817223
0.4828231504403434,0.08095245013663988
0.2512024166177697,0.38771235500455686
0.6630044128677184,0.007855597411207602
0.19523823319810138,0.49606532245276314
0.6187429531889421,-0.03216336494291343
0.2093129976110486,0.5755778860316936
0.569580273544529,-0.125839900475815
0.20929057718855693,0.529233465380884
0.5796073051793785,-0.20082805650830024
0.22220626410872774,0.45342534468070195
0.67057489088682,-0.2535165404986919
0.31846411788564843,0.4738266925845701
0.7413413643645486,-0.2289816303513129
0.38619077459635764,0.3402338205683741
0.8055104078193304,-0.16748195041951391
0.44008607513855574,0.39539645599120465
0.821600179666916,-0.09382931963726159
0.5677426071007079,0.40941124267773465
0.6858740691410066,-0.8254215299654386
0.6361174693174277,0.5777027424910665
0.702503002015687,-0.8904326315566617
0.6372351569840251,0.6632162614592033
0.832844173009222,-0.8963002529805866
0.6421207361889192,0.7195308375198247
0.8402438050138937,-0.905856147773226
0.6108673718033569,0.7702929633137405
0.8185553215958684,-0.9326249321497251
0.49723489130978954,0.7713984898870415
0.8508282089892955,-0.8543554897249698
0.5360359401592677,0.9732406541326849
0.5735957900090803,-0.9473262649182637
0.4127632083765264,0.9680692195473392
0.714827219115009,-0.7867850864148724
0.3260856671852317,0.9273610706862966
0.5138791538620636,-0.8418975564948359
0.2508875604549953,0.8566675820840745
0.4876645884807931,-0.7703398458842036
0.20285989957578907,0.7874737159915345
0.5261154278650805,-0.5491986020587473
0.1855223022942914,0.728292100041581
0.6225621525885693,-0.4275163262188567
0.3402652705407088,0.6841167136843237
0.7434413034102612,-0.46132700351044337
0.4584887145244266,0.6768868069477701
0.8230779950034594,-0.5265592572967478
0.48711466329394354,0.6848570352385008
0.6849060376281001,-0.6488652308189304
0.6760053950482866,0.5411806623415927
0.9033641654967949,-0.6510313352800883
0.734639751356922,0.6060443233171864
0.027767037641285564,-0.32049735416832725
0.33802904881747975,-0.09105224884830572
-0.056017287972189786,-0.48903555466728843
0.2377770059540386,-0.09862200944483183
-0.062395907878975386,-0.4315725130449811
0.3588201435571794,-0.015159647627339708
-0.025750395143160597,-0.6264194493866385
0.35676037898262447,0.19021825576194568
0.005191738567877505,-0.6874886585838037
0.339582637248062,0.15567665721920562
0.054713879890842566,-0.7206459517851215
0.11708509122014144,0.28605506558263666
0.14718174662749975,-0.7708474263798856
0.049855821253788825,0.34637257795200965
0.21055710728865565,-0.766944616246216
-0.02828887179196614,0.08631806467674476
0.3492474515125592,-0.7424229550271306
-0.06370227696757294,0.14368758345498
0.4481212393360719,-0.5968269967122632
-0.021877856888684176,0.32660089275553383
0.4910211589096672,-0.45039797424028183
-0.03643245924341139,0.42378787404137047
0.28503201037876624,-0.7777774514681601
-0.06454628376843777,0.2866783390549863
0.441912515083175,-0.37327246956914173
0.02163012810852965,0.058782600232016154
0.21157629555286175,-0.5248531237228906
0.08734019552178263,-0.028681916144493582
0.20776095572962877,-0.2691585284047624
0.11738149763809656,-0.0832394454337733
-0.02520796161702691,-0.3730647388959547
0.15389146377486143,-0.13223791461947812
-0.6631944799221221,0.8470434714310375
-0.9257391453590877,0.318370983249476
-0.5363449185804664,0.8602430864647377
-0.9010744837198552,0.4609915276272365
-0.40342015179005986,0.6959552056721228
-0.7215667040611794,0.5135393063538549
-0.3583375236533696,0.6696177431138255
-0.6652239111740622,0.474477702214345
-0.2939277360153915,0.633252046770515
-0.4543223937294649,0.39081401403113497
-0.2827337594283936,0.6009420129770303
-0.45702983547756115,0.40164960185705645
-0.21588141971064884,0.5646147062426226
-0.3603805687779585,0.4478919587760552
-0.1862728937827998,0.4966417886089531
-0.29974831200739205,0.34520699712161945
-0.2526262048978826,0.3269955356410762
-0.25868906584773216,0.27713052666019716
-0.29578410214737544,0.19263610550764043
-0.24155989622071292,0.11926708132905003
-0.4010177154980942,0.20236516602584445
-0.33946502387511457,0.05849130351629972
-0.5330192778220456,0.25860532272599
-0.4654979440838599,0.029204008664927644
-0.61862140949692,0.35210495154603033
-0.5860504118289939,0.05042860338432905
-0.6684674131976719,0.5499678666866381
-0.6789504627681572,0.06973641098900568
-0.6877800118388857,0.6267950823560096
-0.7695951715252468,0.15591715242538443
-0.6388762133241978,0.7030537875714129
-0.8045529041295068,0.2290372490757539
0.8084454592066611,0.02513719851539735
0.6335804456456442,0.32002953754571367
0.8702510352178152,0.06627851455913102
0.6707187326796125,0.2554872204091301
0.7692531384552139,0.14791304729324758
0.619121429254026,0.24586247120875945
0.7530562186314989,0.22037414667024294
0.6808670351232678,0.31456392525198673
0.6914760962461955,0.2028579375679792
0.6348674445563579,0.45342014186486507
0.6282633165579674,0.20289101124839184
0.5056880887693785,0.4009649730817721
0.5672695706574667,0.12906162227450765
0.35309756923257807,0.4258695566370646
0.5424422580033899,0.08592667884355425
0.26886865669165433,0.4351476487808993
0.7242808236595775,0.029402815756270656
0.16963474274000376,0.5385499722619378
0.6879650262200232,-0.041605559528384004
0.19801442021587917,0.6168828064857672
0.5944458035655734,-0.15672162247099217
0.19841250834838986,0.5469806319888624
0.626708278273903,-0.23791209516986045
0.2350337244606176,0.5095185037903986
0.7063475904116041,-0.25631934110442567
0.3518221442366724,0.5033786857722675
0.8109956241107005,-0.2170335067720046
0.37071151095539373,0.3303832777003244
0.863533226424256,-0.1385255138890069
0.45598662104601084,0.42960175178305937
0.8781316329700839,-0.05271841845855728
0.5913319269372784,0.46153551488192535
0.6466049098575242,-0.8582120843833942
0.6856536856882087,0.6096690840522518
0.6452965120087817,-0.9392268118993862
0.6660123201960219,0.7128140379239805
0.7938852943579788,-0.8951710483771498
0.6608092823523098,0.7406613864267314
0.7936535337255876,-0.9164944074678109
0.6209693454887064,0.8081184794857632
0.7629050416741591,-0.9298125494075978
0.5325677147207591,0.7997026540946706
0.7841485439834223,-0.8682436347695796
0.5144136423412863,0.9038840833902905
0.601502058803894,-0.8809720791967381
0.4149225684259504,0.8917912792702102
0.666597042965996,-0.7720174585393917
0.33991032613259253,0.859043232998161
0.542110429364428,-0.7765294160290855
0.290469900038041,0.7986791576083211
0.5248270253295101,-0.707721137789392
0.24104376256374857,0.736501347695131
0.5439431130385463,-0.5763607518596732
0.2432049473460384,0.6834689287963729
0.599037505365234,-0.4855059347109016
0.35342411668827745,0.6606474718406883
0.6824154577630184,-0.4997026280259187
0.4534828649584723,0.6227717938839492
0.7597502510317258,-0.523313358540034
0.4988355495693538,0.6228546430338389
0.7236045547710731,-0.5953775150835393
0.6096155724466494,0.5448137429469557
0.840132441920093,-0.6430618928951806
0.6583810809831906,0.5924859692967286
0.07855886076169132,-0.3547624445983081
0.3078495742011266,-0.029506038113104264
0.0046121178220394,-0.4645803334758471
0.23717516049086557,-0.03710870730561229
0.003813324991788349,-0.4552757719930041
0.3219798943808924,0.04569152124626253
0.016531876051491395,-0.58020265419249
0.30443754507758636,0.16669496911775708
0.0529838075660437,-0.6379002569910784
0.26817226864320237,0.1585910634400482
0.10532136690660479,-0.6869074821848947
0.13531833502770907,0.225090777843084
0.1884280806622338,-0.7209279370399433
0.07594847155661667,0.2720879266387852
0.24092443932225516,-0.7067856283240465
0.00976798287083962,0.11319790016918871
0.3301893215144414,-0.6847211654122858
-0.013867301944502471,0.17219886111668303
0.4218682562206051,-0.5938633552832704
0.025003697991095676,0.27990963061922153
0.46204299159991447,-0.4933348497928436
-0.01003600726633294,0.3842836078476505
0.2838911612493431,-0.7146715399744415
-0.03221983345882001,0.2714455944848239
0.39697269723870454,-0.41705571622067283
0.0763560979521322,0.09413337968289578
0.21994399905110967,-0.4907992958543931
0.11149911150282393,0.009515722443971177
0.2160237700892046,-0.30021704284031175
0.13813081117187886,-0.05034242053370807
0.03272613108626477,-0.3861765067886547
0.18165780110890484,-0.08167154069708954
-0.6418153017514632,0.7969124720336241
-0.8852622357307676,0.32092189431093154
-0.5433153233210504,0.8176519475313315
-0.8647894247318246,0.4279736974314618
-0.41933441682046274,0.7411469514398351
-0.7672504288494573,0.512712337644938
-0.37134325676099494,0.7122130716197775
-0.7073397838895346,0.48068907230537766
-0.3213349395522651,0.6755474068707784
-0.5155825308348766,0.40246638774016513
-0.326194970461162,0.6356545408513119
-0.5094114790027177,0.42596876889157115
-0.25445015996251863,0.6020950484055932
-0.4270056486368535,0.4253171501368117
-0.24253575485685083,0.5284045402565278
-0.35819643709016186,0.3635249010887421
-0.3056836097971016,0.3355670266249037
-0.35019971259509813,0.286732954494745
-0.3199769867516469,0.22695674850168604
-0.26810803311324977,0.12750646433332022
-0.42711991606462335,0.21129619988644607
-0.36726132975723824,0.07348082380169467
-0.5728539883126386,0.2570471887440041
-0.5022612410451915,0.05439766880182206
-0.644006094293443,0.389889543433319
-0.6157488333289101,0.06405817785798942
-0.713204965825585,0.5455111897502317
-0.7241083691941262,0.07234762450124711
-0.7318728476113597,0.6411294632856088
-0.8044351530242695,0.15358671798246296
-0.6699055040586883,0.7215541519065244
-0.8668366540937521,0.23949214075842035
0.7770717228107691,0.04642014519757485
0.6423198598685942,0.25479981595197654
0.8745447741710797,0.11845333023255478
0.74314752644565,0.29201938571703473
0.8310089932555931,0.18390278000689275
0.6428994333607644,0.23253672706629663
0.8199564707254485,0.25265626654305845
0.7277756832791357,0.36561686637382573
0.7447122657325498,0.2271888932379289
0.6784513439843565,0.4445156623011585
0.593301662555564,0.2083913280726972
0.5100084876615739,0.3568059697704096
0.502476035199267,0.1533631835411475
0.36119947754927734,0.34798400112415223
0.4924973603853577,0.12436352809414192
0.2826247936179777,0.3856174682562156
0.7534164595342181,0.060595442754206495
0.18396561760269642,0.48808651882235404
0.714995121158192,-0.027248571345592963
0.20113942458108847,0.5946583622387922
0.6090911530825553,-0.13769788212938502
0.1677680464967847,0.5893724395727734
0.6854531682495831,-0.20849700307836774
0.18851235934611432,0.5102002553342372
0.7456612658228202,-0.2554110711286528
0.3330501191088282,0.521487980381685
0.8385206573479362,-0.20863471384493507
0.34825374354339506,0.3540142149895402
0.8803269866352471,-0.12442404912070922
0.4532034702605811,0.3804188534065242
0.8910382576553199,-0.026824449967578264
0.6381900388633035,0.43315231164561474
0.61011216873695,-0.9122681968755353
0.7219310702559635,0.63944493017558
0.6282485586113408,-0.9668498851853295
0.6916924574229111,0.7282102171528366
0.8046903201391504,-0.9528986694441921
0.6953294480706829,0.7769171710682837
0.7996809557739559,-0.9913838154706497
0.6520541631787258,0.8546769357710593
0.7512841185002533,-1.0
0.498392040201673,0.8281270699178269
0.8223401518975552,-0.8947033686969086
0.5245646038255507,0.9365320007031257
0.5489969100659419,-0.9294548536254402
0.39817146017020694,0.9401642673754796
0.6967512976369746,-0.790331779363857
0.3224211259093247,0.8993761799943787
0.4920741253516195,-0.8410973360235705
0.24644464337191224,0.829231202861261
0.46902092784373134,-0.75849403029577
0.1993186242650363,0.7559155844156445
0.5149885542528743,-0.5940833456117177
0.19518669790091783,0.6782036182353073
0.6094358902333024,-0.5131287567332344
0.31173706278548774,0.6521777842320032
0.7191050067387632,-0.4867624862320558
0.4551489690288225,0.6099427582256288
0.8012847791180019,-0.5718702813488933
0.4898668305417028,0.6155104276540654
0.7425508962528659,-0.6414393059722947
0.6344191366506627,0.5295146826731327
0.874085977519802,-0.7027149023193345
0.703102529483758,0.623353075248015
0.05168086073604978,-0.3315197523839169
0.3237966645367933,-0.08159629943921973
-0.02592471954657645,-0.4941345376179757
0.266500905148393,-0.09028834142975772
-0.04113315835160522,-0.4523554476380056
0.37685447250506987,0.004104715234698997
-0.017331406063518445,-0.5958148144305887
0.36008138790068794,0.16653497703673648
0.027807049289745173,-0.6710970660218626
0.3439576355933076,0.17281050336366865
0.0894708653084856,-0.7315405218407472
0.1465740901074621,0.2644742392438197
0.17280580553987426,-0.7693324730505497
0.050673911503296046,0.3246784532570899
0.24994661363531143,-0.7510902005016863
0.005476274009778815,0.14495395892959287
0.35452879555512434,-0.7222832408129303
-0.038480511947069675,0.22627028118722664
0.4415261761078602,-0.6295989019989361
0.019366491883904182,0.33967469600605116
0.48604714939000065,-0.5149626788747228
0.016525846951916966,0.4154257474685437
0.31237772007021525,-0.733277995954348
0.018066088960828352,0.3005262591681118
0.43329652418347275,-0.4242771090329802
0.1083895583760647,0.12959560926791008
0.2506448035908275,-0.46625798837336957
0.15844869758629493,0.04537176958202664
0.24985782814383653,-0.3084241439771454
0.17599130106037514,-0.005152170047100531
0.06159817194105378,-0.3696955277208454
0.20758295461764273,-0.03785380296820277
-0.6005693383075674,0.7430145195679089
-0.823049336914895,0.31018120323572024
-0.5099424470940751,0.7670278546877742
-0.7912976793952715,0.4314342033254427
-0.4324463377447051,0.6731013087548452
-0.6988150600409286,0.4984249742874752
-0.3940669848853283,0.6499999030655133
-0.6347305927112418,0.49925102181624326
-0.3505330144035081,0.6133823826443868
-0.45990147521382013,0.4340221416371677
-0.3255622909417095,0.5868488380805147
-0.4835960570233362,0.4233180681175326
-0.2779137155918052,0.5523882377484324
-0.38004315624693674,0.4346842613652412
-0.2519645188139233,0.4770104600018852
-0.327514525900786,0.37054739224268296
-0.2972334730098426,0.302343331651375
-0.3026195808596565,0.27775941160074863
-0.3386525707461018,0.2544362547117621
-0.29641042046196936,0.14812630807737684
-0.40167718541132397,0.22155554939457334
-0.36908600582503026,0.10590522036465946
-0.5375454475549665,0.30256192496982826
-0.4829626440277236,0.08685962139742512
-0.5944407445576995,0.3873692559840737
-0.5954337262929533,0.08361781391089095
-0.6733773581696207,0.5160978526896501
-0.6846716473571358,0.10419707038948425
-0.7018816479058907,0.6038790012385692
-0.7640992614670806,0.1652995295353165
-0.6464106358112838,0.6762821537715471
-0.8161767040036179,0.25707080813754607
