2034 1906 1778,1,557100,1,557100
767 639 1023,1,570800,1,570800
6 134 262 1798,1,581300,1,581300
1278 1150 1534 1022,1,582900,1,582900
508 380 252,1,583000,1,583000
1279 1151 1535 1023,1,583300,1,583300
1543 1671 1799 1287,1,585300,1,585300
760 632 1016,1,585400,1,585400
524 652 780 268,1,585900,1,585900
1453 1325 1197,1,588100,1,588100
1551 1679 1807 1295,1,593100,1,593100
1806 1934 1550 14,1,594100,1,594100
2033 1905 1777,1,595100,1,595100
496 368 240,1,595600,1,595600
759 631 1015,1,595900,1,595900
1534 1406 1278,1,596100,1,596100
269 397 13,1,597600,1,597600
1956 1828 1700 164,1,597800,1,597800
2001 1873 1745,1,599900,1,599900
1409 1281 1153,1,600200,1,600200
1805 1933 1549 13,1,600300,1,600300
1437 1309 1181,1,601500,1,601500
1291 1419 1035,1,602200,1,602200
752 624 1008,1,602500,1,602500
610 738 866 354,1,603000,1,603000
1535 1407 1279,1,603300,1,603300
1271 1143 1527 1015,1,603500,1,603500
800 928 544 1056,1,603900,1,603900
1778 1650 2034 1522,1,604000,1,604000
630 758 886 374,1,604200,1,604200
1550 1678 1806 1294,1,604200,1,604200
553 681 809 297,1,606000,1,606000
1798 1926 1542,1,606000,1,606000
1887 2015 1631,1,606200,1,606200
1656 1784 1912 1400,1,606500,1,606500
1786 1658 2042 1530,1,606500,1,606500
1640 1768 1896 1384,1,607000,1,607000
881 1009 625 1137,1,607100,1,607100
719 591 975 463,1,607600,1,607600
387 259 131,1,608100,1,608100
2009 1881 1753,1,608600,1,608600
1790 1662 2046 1534,1,608700,1,608700
1948 1820 1692 156,1,610500,1,610500
877 1005 621 1133,1,611200,1,611200
1789 1661 2045 1533,1,611500,1,611500
1563 1691 1819 1307,1,611600,1,611600
727 599 983 471,1,611700,1,611700
525 653 781 269,1,611800,1,611800
1709 1581 1965 1453,1,612300,1,612300
54 182 310 1846,1,612600,1,612600
273 401 17,1,612700,1,612700
1879 2007 1623,1,612800,1,612800
484 356 228,1,613100,1,613100
1672 1544 1928 1416,1,613100,1,613100
46 174 302 1838,1,613400,1,613400
1660 1788 1916 1404,1,613500,1,613500
2042 1914 1786,1,613600,1,613600
497 369 241,1,613800,1,613800
395 267 139,1,614000,1,614000
1927 1799 1671 135,1,614400,1,614400
1482 1354 1226,1,614600,1,614600
792 920 536 1048,1,614600,1,614600
1458 1330 1202,1,614800,1,614800
391 263 135,1,615000,1,615000
1697 1569 1953 1441,1,615700,1,615700
2041 1913 1785,1,615800,1,615800
1652 1780 1908 1396,1,616000,1,616000
1579 1707 1835 1323,1,616100,1,616100
824 952 568 1080,1,616200,1,616200
1494 1366 1238,1,616300,1,616300
472 344 216,1,616400,1,616400
1323 1451 1067,1,616500,1,616500
2021 1893 1765,1,616700,1,616700
403 275 147,1,616700,1,616700
1299 1427 1043,1,617000,1,617000
1668 1540 1924 1412,1,617100,1,617100
1818 1946 1562,1,617100,1,617100
517 645 773 261,1,617300,1,617300
459 331 203,1,617400,1,617400
1644 1772 1900 1388,1,617900,1,617900
419 291 163,1,618000,1,618000
930 802 674 1186,1,619000,1,619000
1847 1975 1591,1,619000,1,619000
249 121 505 2041,1,619100,1,619100
1474 1346 1218,1,619200,1,619200
589 717 845 333,1,619200,1,619200
1899 2027 1643 107,1,619500,1,619500
594 722 850 338,1,619600,1,619600
1664 1536 1920 1408,1,619700,1,619700
1838 1966 1582,1,619700,1,619700
840 968 584 1096,1,619900,1,619900
59 187 315 1851,1,620000,1,620000
427 299 171,1,620000,1,620000
1393 1521 1137,1,620100,1,620100
1270 1142 1526 1014,1,620200,1,620200
1871 1999 1615,1,620600,1,620600
1287 1415 1031,1,620800,1,620800
545 673 801 289,1,620800,1,620800
1685 1557 1941 1429,1,620900,1,620900
1851 1979 1595,1,621200,1,621200
1628 1756 1884 1372,1,621300,1,621300
569 697 825 313,1,621700,1,621700
1725 1597 1981 1469,1,622100,1,622100
707 579 963 451,1,622200,1,622200
751 623 1007,1,622300,1,622300
715 587 971 459,1,622300,1,622300
562 690 818 306,1,622300,1,622300
1559 1687 1815 1303,1,622600,1,622600
5 133 261 1797,1,622700,1,622700
865 993 609 1121,1,622700,1,622700
918 790 662 1174,1,622900,1,622900
1485 1357 1229,1,623100,1,623100
1275 1147 1531 1019,1,623100,1,623100
1502 1374 1246,1,623200,1,623200
281 409 25,1,623300,1,623300
622 750 878 366,1,623300,1,623300
1591 1719 1847 1335,1,623600,1,623600
1782 1654 2038 1526,1,623900,1,623900
1340 1468 1084,1,624000,1,624000
954 826 698 1210,1,624100,1,624100
868 996 612 1124,1,624200,1,624200
1575 1703 1831 1319,1,624700,1,624700
229 101 485 2021,1,624800,1,624800
399 271 143,1,624900,1,624900
812 940 556 1068,1,625000,1,625000
1746 1618 2002 1490,1,625500,1,625500
958 830 702 1214,1,625900,1,625900
435 307 179,1,626100,1,626100
679 551 935 423,1,626100,1,626100
687 559 943 431,1,626100,1,626100
938 810 682 1194,1,626200,1,626200
1867 1995 1611,1,626200,1,626200
711 583 967 455,1,626300,1,626300
460 332 204,1,626400,1,626400
602 730 858 346,1,626400,1,626400
1794 1922 1538,1,626400,1,626400
277 405 21,1,626400,1,626400
982 854 726 1238,1,626500,1,626500
1762 1634 2018 1506,1,626600,1,626600
1964 1836 1708,1,626700,1,626700
505 377 249,1,626700,1,626700
366 494 110,1,627000,1,627000
74 202 330 1866,1,627000,1,627000
237 109 493 2029,1,627100,1,627100
836 964 580 1092,1,627100,1,627100
504 376 248,1,627100,1,627100
1280 1408 1024,1,627200,1,627200
1741 1613 1997 1485,1,627300,1,627300
1924 1796 1668 132,1,627300,1,627300
1311 1439 1055,1,627600,1,627600
617 745 873 361,1,627700,1,627700
970 842 714 1226,1,627700,1,627700
488 360 232,1,627800,1,627800
925 797 669 1181,1,627800,1,627800
1688 1560 1944 1432,1,627900,1,627900
1647 1775 1903 1391,1,628000,1,628000
468 340 212,1,628100,1,628100
860 988 604 1116,1,628200,1,628200
1533 1405 1277,1,628300,1,628300
1303 1431 1047,1,628400,1,628400
270 398 14,1,628500,1,628500
720 592 976 464,1,628600,1,628600
1445 1317 1189,1,628600,1,628600
1611 1739 1867 1355,1,628800,1,628800
1523 1395 1267,1,628800,1,628800
1264 1136 1520 1008,1,629000,1,629000
1599 1727 1855 1343,1,629200,1,629200
873 1001 617 1129,1,629200,1,629200
1368 1496 1112,1,629300,1,629300
359 487 103,1,629400,1,629400
1466 1338 1210,1,629500,1,629500
47 175 303 1839,1,629500,1,629500
529 657 785 273,1,629800,1,629800
1315 1443 1059,1,629800,1,629800
1704 1576 1960 1448,1,629900,1,629900
1267 1139 1523 1011,1,630000,1,630000
1969 1841 1713,1,630000,1,630000
500 372 244,1,630100,1,630100
1288 1416 1032,1,630300,1,630300
691 563 947 435,1,630300,1,630300
1902 2030 1646 110,1,630400,1,630400
1608 1736 1864 1352,1,630400,1,630400
654 526 910 398,1,630600,1,630600
480 352 224,1,630600,1,630600
1571 1699 1827 1315,1,630800,1,630800
1365 1493 1109,1,630800,1,630800
1583 1711 1839 1327,1,630900,1,630900
1985 1857 1729,1,631600,1,631600
905 777 649 1161,1,631700,1,631700
1943 1815 1687 151,1,631700,1,631700
1973 1845 1717,1,631800,1,631800
1615 1743 1871 1359,1,631900,1,631900
1295 1423 1039,1,632000,1,632000
62 190 318 1854,1,632200,1,632200
1397 1525 1141,1,632300,1,632300
1413 1285 1157,1,632400,1,632400
1304 1432 1048,1,632700,1,632700
1258 1130 1514 1002,1,632700,1,632700
1433 1305 1177,1,632700,1,632700
1754 1626 2010 1498,1,632900,1,632900
1372 1500 1116,1,633000,1,633000
832 960 576 1088,1,633000,1,633000
1875 2003 1619,1,633000,1,633000
1343 1471 1087,1,633300,1,633300
1478 1350 1222,1,633500,1,633500
221 93 477 2013,1,633600,1,633600
791 919 535 1047,1,633900,1,633900
1684 1556 1940 1428,1,633900,1,633900
1272 1144 1528 1016,1,634000,1,634000
703 575 959 447,1,634000,1,634000
2029 1901 1773,1,634100,1,634100
869 997 613 1125,1,634200,1,634200
611 739 867 355,1,634300,1,634300
889 1017 633 1145,1,634300,1,634300
795 923 539 1051,1,634300,1,634300
549 677 805 293,1,634400,1,634400
423 295 167,1,634400,1,634400
448 320 192,1,634400,1,634400
817 945 561 1073,1,634500,1,634500
1582 1710 1838 1326,1,634500,1,634500
1312 1440 1056,1,634800,1,634800
1328 1456 1072,1,635100,1,635100
1263 1135 1519 1007,1,635100,1,635100
476 348 220,1,635300,1,635300
784 912 528 1040,1,635400,1,635400
556 684 812 300,1,635400,1,635400
51 179 307 1843,1,635500,1,635500
1507 1379 1251,1,635600,1,635600
1348 1476 1092,1,635800,1,635800
1997 1869 1741,1,635900,1,635900
1992 1864 1736,1,635900,1,635900
1506 1378 1250,1,635900,1,635900
671 543 927 415,1,636000,1,636000
1882 2010 1626,1,636200,1,636200
1859 1987 1603,1,636200,1,636200
1676 1548 1932 1420,1,636300,1,636300
1770 1642 2026 1514,1,636300,1,636300
1774 1646 2030 1518,1,636300,1,636300
736 608 992 480,1,636500,1,636500
1895 2023 1639 103,1,636500,1,636500
1336 1464 1080,1,636700,1,636700
492 364 236,1,636800,1,636800
663 535 919 407,1,636900,1,636900
799 927 543 1055,1,637000,1,637000
844 972 588 1100,1,637000,1,637000
1797 1925 1541,1,637100,1,637100
1972 1844 1716,1,637200,1,637200
2013 1885 1757,1,637300,1,637300
1620 1748 1876 1364,1,637400,1,637400
833 961 577 1089,1,637400,1,637400
1388 1516 1132,1,637500,1,637500
849 977 593 1105,1,637500,1,637500
1981 1853 1725,1,637600,1,637600
1352 1480 1096,1,637800,1,637800
1705 1577 1961 1449,1,637800,1,637800
712 584 968 456,1,638000,1,638000
383 511 127,1,638400,1,638400
1665 1537 1921 1409,1,638400,1,638400
451 323 195,1,638400,1,638400
950 822 694 1206,1,638400,1,638400
1430 1302 1174,1,638600,1,638600
1425 1297 1169,1,638600,1,638600
731 603 987 475,1,638900,1,638900
807 935 551 1063,1,639200,1,639200
1441 1313 1185,1,639200,1,639200
58 186 314 1850,1,639300,1,639300
1935 1807 1679 143,1,639600,1,639600
1700 1572 1956 1444,1,639600,1,639600
1603 1731 1859 1347,1,639600,1,639600
922 794 666 1178,1,639700,1,639700
1587 1715 1843 1331,1,639700,1,639700
1648 1776 1904 1392,1,639800,1,639800
1872 2000 1616,1,639800,1,639800
1558 1686 1814 1302,1,639900,1,639900
1721 1593 1977 1465,1,639900,1,639900
893 1021 637 1149,1,639900,1,639900
513 641 769 257,1,640100,1,640100
1316 1444 1060,1,640100,1,640100
378 506 122,1,640100,1,640100
577 705 833 321,1,640300,1,640300
232 104 488 2024,1,640500,1,640500
1284 1412 1028,1,640600,1,640600
557 685 813 301,1,640600,1,640600
1977 1849 1721,1,640900,1,640900
407 279 151,1,641000,1,641000
796 924 540 1052,1,641400,1,641400
1514 1386 1258,1,641400,1,641400
1753 1625 2009 1497,1,641400,1,641400
724 596 980 468,1,641600,1,641600
1839 1967 1583,1,641700,1,641700
1631 1759 1887 1375,1,641800,1,641800
1510 1382 1254,1,641900,1,641900
1915 2043 1659 123,1,642000,1,642000
464 336 208,1,642100,1,642100
1526 1398 1270,1,642200,1,642200
42 170 298 1834,1,642500,1,642500
1377 1505 1121,1,642500,1,642500
1636 1764 1892 1380,1,642500,1,642500
1907 2035 1651 115,1,642600,1,642600
1976 1848 1720,1,642600,1,642600
1980 1852 1724,1,642700,1,642700
638 766 894 382,1,642700,1,642700
374 502 118,1,642700,1,642700
523 651 779 267,1,642800,1,642800
642 514 898 386,1,642900,1,642900
1693 1565 1949 1437,1,643000,1,643000
1283 1411 1027,1,643000,1,643000
245 117 501 2037,1,643100,1,643100
1296 1424 1040,1,643200,1,643200
1717 1589 1973 1461,1,643300,1,643300
934 806 678 1190,1,643300,1,643300
1632 1760 1888 1376,1,643300,1,643300
1449 1321 1193,1,643300,1,643300
1758 1630 2014 1502,1,643400,1,643400
411 283 155,1,643400,1,643400
1940 1812 1684 148,1,643500,1,643500
1344 1472 1088,1,643600,1,643600
1596 1724 1852 1340,1,643600,1,643600
747 619 1003,1,643600,1,643600
1619 1747 1875 1363,1,643700,1,643700
651 523 907 395,1,643700,1,643700
440 312 184,1,643800,1,643800
598 726 854 342,1,643900,1,643900
966 838 710 1222,1,643900,1,643900
1918 2046 1662 126,1,644200,1,644200
541 669 797 285,1,644300,1,644300
675 547 931 419,1,644300,1,644300
268 396 12,1,644300,1,644300
913 785 657 1169,1,644500,1,644500
962 834 706 1218,1,644500,1,644500
1883 2011 1627,1,644600,1,644600
1527 1399 1271,1,644600,1,644600
926 798 670 1182,1,644800,1,644800
533 661 789 277,1,644800,1,644800
643 515 899 387,1,645300,1,645300
1733 1605 1989 1477,1,645300,1,645300
1802 1930 1546 10,1,645500,1,645500
1713 1585 1969 1457,1,645600,1,645600
1465 1337 1209,1,645600,1,645600
400 272 144,1,645600,1,645600
1498 1370 1242,1,645900,1,645900
1360 1488 1104,1,646000,1,646000
820 948 564 1076,1,646400,1,646400
1542 1670 1798 1286,1,646700,1,646700
1442 1314 1186,1,646700,1,646700
1462 1334 1206,1,646900,1,646900
35 163 291 1827,1,647000,1,647000
670 542 926 414,1,647000,1,647000
1843 1971 1587,1,647200,1,647200
618 746 874 362,1,647400,1,647400
2005 1877 1749,1,647400,1,647400
974 846 718 1230,1,647400,1,647400
1259 1131 1515 1003,1,647500,1,647500
443 315 187,1,647500,1,647500
416 288 160,1,647600,1,647600
2025 1897 1769,1,647600,1,647600
901 773 645 1157,1,647700,1,647700
605 733 861 349,1,647800,1,647800
959 831 703 1215,1,647900,1,647900
908 780 652 1164,1,648000,1,648000
1957 1829 1701 165,1,648100,1,648100
1850 1978 1594,1,648100,1,648100
1300 1428 1044,1,648200,1,648200
804 932 548 1060,1,648300,1,648300
1878 2006 1622,1,648300,1,648300
704 576 960 448,1,648400,1,648400
233 105 489 2025,1,648500,1,648500
452 324 196,1,648600,1,648600
50 178 306 1842,1,648700,1,648700
1307 1435 1051,1,648800,1,648800
978 850 722 1234,1,648800,1,648800
808 936 552 1064,1,648900,1,648900
941 813 685 1197,1,649200,1,649200
1518 1390 1262,1,649400,1,649400
897 769 641 1153,1,649600,1,649600
1417 1289 1161,1,649600,1,649600
1547 1675 1803 1291,1,649600,1,649600
371 499 115,1,649700,1,649700
38 166 294 1830,1,649800,1,649800
1751 1623 2007 1495,1,649900,1,649900
1737 1609 1993 1481,1,650000,1,650000
1408 1280 1152,1,650200,1,650200
565 693 821 309,1,650300,1,650300
1919 2047 1663 127,1,650400,1,650400
2045 1917 1789,1,650400,1,650400
801 929 545 1057,1,650400,1,650400
979 851 723 1235,1,650800,1,650800
1967 1839 1711,1,650900,1,650900
1324 1452 1068,1,650900,1,650900
561 689 817 305,1,651000,1,651000
382 510 126,1,651100,1,651100
637 765 893 381,1,651200,1,651200
1681 1553 1937 1425,1,651300,1,651300
415 287 159,1,651400,1,651400
578 706 834 322,1,651400,1,651400
885 1013 629 1141,1,651400,1,651400
1624 1752 1880 1368,1,651400,1,651400
491 363 235,1,651400,1,651400
402 274 146,1,651700,1,651700
1696 1568 1952 1440,1,651700,1,651700
1584 1712 1840 1328,1,651700,1,651700
667 539 923 411,1,651800,1,651800
1814 1942 1558,1,651900,1,651900
1931 1803 1675 139,1,651900,1,651900
21 149 277 1813,1,651900,1,651900
447 319 191,1,652000,1,652000
1855 1983 1599,1,652000,1,652000
516 644 772 260,1,652000,1,652000
1766 1638 2022 1510,1,652200,1,652200
1900 2028 1644 108,1,652400,1,652400
634 762 890 378,1,652500,1,652500
1421 1293 1165,1,653000,1,653000
1959 1831 1703 167,1,653100,1,653100
683 555 939 427,1,653300,1,653300
394 266 138,1,653300,1,653300
375 503 119,1,653400,1,653400
653 525 909 397,1,653400,1,653400
1745 1617 2001 1489,1,653500,1,653500
1810 1938 1554,1,653600,1,653600
1429 1301 1173,1,653800,1,653800
362 490 106,1,653800,1,653800
2004 1876 1748,1,653900,1,653900
1923 1795 1667 131,1,654000,1,654000
1911 2039 1655 119,1,654000,1,654000
1332 1460 1076,1,654100,1,654100
1490 1362 1234,1,654200,1,654200
902 774 646 1158,1,654400,1,654400
1860 1988 1604,1,654400,1,654400
1310 1438 1054,1,654400,1,654400
1400 1528 1144,1,654600,1,654600
1965 1837 1709,1,654700,1,654700
2036 1908 1780,1,655000,1,655000
426 298 170,1,655200,1,655200
1616 1744 1872 1360,1,655200,1,655200
1607 1735 1863 1351,1,655300,1,655300
1361 1489 1105,1,655300,1,655300
83 211 339 1875,1,655400,1,655400
512 640 768 256,1,655400,1,655400
1567 1695 1823 1311,1,655400,1,655400
1339 1467 1083,1,655400,1,655400
744 616 1000,1,655600,1,655600
1381 1509 1125,1,655600,1,655600
1989 1861 1733,1,655600,1,655600
921 793 665 1177,1,655700,1,655700
1996 1868 1740,1,655700,1,655700
1401 1529 1145,1,655800,1,655800
898 770 642 1154,1,655900,1,655900
1416 1288 1160,1,655900,1,655900
1858 1986 1602,1,655900,1,655900
1773 1645 2029 1517,1,656200,1,656200
682 554 938 426,1,656200,1,656200
67 195 323 1859,1,656300,1,656300
45 173 301 1837,1,656300,1,656300
1936 1808 1680 144,1,656300,1,656300
1779 1651 2035 1523,1,656400,1,656400
1868 1996 1612,1,656400,1,656400
698 570 954 442,1,656400,1,656400
1781 1653 2037 1525,1,656600,1,656600
424 296 168,1,656700,1,656700
857 985 601 1113,1,656700,1,656700
904 776 648 1160,1,656700,1,656700
25 153 281 1817,1,656800,1,656800
444 316 188,1,656900,1,656900
909 781 653 1165,1,657000,1,657000
646 518 902 390,1,657200,1,657200
686 558 942 430,1,657200,1,657200
22 150 278 1814,1,657300,1,657300
946 818 690 1202,1,657500,1,657500
1712 1584 1968 1456,1,657500,1,657500
550 678 806 294,1,657600,1,657600
1769 1641 2025 1513,1,657600,1,657600
1612 1740 1868 1356,1,657600,1,657600
1486 1358 1230,1,657600,1,657600
1901 2029 1645 109,1,657800,1,657800
1515 1387 1259,1,657800,1,657800
723 595 979 467,1,657900,1,657900
2035 1907 1779,1,657900,1,657900
1822 1950 1566,1,657900,1,657900
537 665 793 281,1,658000,1,658000
1432 1304 1176,1,658000,1,658000
573 701 829 317,1,658100,1,658100
764 636 1020,1,658200,1,658200
1469 1341 1213,1,658200,1,658200
1708 1580 1964 1452,1,658300,1,658300
225 97 481 2017,1,658300,1,658300
431 303 175,1,658300,1,658300
456 328 200,1,658400,1,658400
1588 1716 1844 1332,1,658500,1,658500
1385 1513 1129,1,658500,1,658500
521 649 777 265,1,658600,1,658600
581 709 837 325,1,658700,1,658700
1337 1465 1081,1,658700,1,658700
1531 1403 1275,1,658900,1,658900
2006 1878 1750,1,658900,1,658900
732 604 988 476,1,658900,1,658900
1811 1939 1555,1,658900,1,658900
1908 2036 1652 116,1,659000,1,659000
828 956 572 1084,1,659100,1,659100
540 668 796 284,1,659100,1,659100
692 564 948 436,1,659500,1,659500
1320 1448 1064,1,659600,1,659600
1886 2014 1630,1,659600,1,659600
64 192 320 1856,1,659700,1,659700
1944 1816 1688 152,1,659800,1,659800
1910 2038 1654 118,1,659800,1,659800
678 550 934 422,1,659900,1,659900
43 171 299 1835,1,659900,1,659900
1396 1524 1140,1,660100,1,660100
582 710 838 326,1,660200,1,660200
1562 1690 1818 1306,1,660200,1,660200
432 304 176,1,660400,1,660400
1351 1479 1095,1,660400,1,660400
1420 1292 1164,1,660600,1,660600
82 210 338 1874,1,660900,1,660900
1422 1294 1166,1,660900,1,660900
1555 1683 1811 1299,1,660900,1,660900
590 718 846 334,1,661000,1,661000
1804 1932 1548 12,1,661000,1,661000
1491 1363 1235,1,661100,1,661100
945 817 689 1201,1,661100,1,661100
1970 1842 1714,1,661200,1,661200
1398 1526 1142,1,661200,1,661200
1960 1832 1704 168,1,661300,1,661300
1673 1545 1929 1417,1,661300,1,661300
1952 1824 1696 160,1,661300,1,661300
1572 1700 1828 1316,1,661300,1,661300
1830 1958 1574,1,661300,1,661300
888 1016 632 1144,1,661400,1,661400
655 527 911 399,1,661400,1,661400
1951 1823 1695 159,1,661400,1,661400
1359 1487 1103,1,661600,1,661600
756 628 1012,1,661800,1,661800
1742 1614 1998 1486,1,661800,1,661800
1649 1777 1905 1393,1,661900,1,661900
699 571 955 443,1,661900,1,661900
1726 1598 1982 1470,1,662000,1,662000
1840 1968 1584,1,662000,1,662000
1932 1804 1676 140,1,662000,1,662000
658 530 914 402,1,662000,1,662000
509 381 253,1,662200,1,662200
1450 1322 1194,1,662400,1,662400
1604 1732 1860 1348,1,662400,1,662400
1384 1512 1128,1,662500,1,662500
1669 1541 1925 1413,1,662500,1,662500
597 725 853 341,1,662700,1,662700
949 821 693 1205,1,662700,1,662700
220 92 476 2012,1,662700,1,662700
1701 1573 1957 1445,1,662800,1,662800
659 531 915 403,1,662900,1,662900
1870 1998 1614,1,663000,1,663000
536 664 792 280,1,663000,1,663000
228 100 484 2020,1,663100,1,663100
1525 1397 1269,1,663100,1,663100
1329 1457 1073,1,663100,1,663100
1331 1459 1075,1,663200,1,663200
787 915 531 1043,1,663200,1,663200
1749 1621 2005 1493,1,663300,1,663300
866 994 610 1122,1,663400,1,663400
1375 1503 1119,1,663500,1,663500
1716 1588 1972 1460,1,663700,1,663700
741 613 997 485,1,663700,1,663700
629 757 885 373,1,663800,1,663800
1595 1723 1851 1339,1,663800,1,663800
937 809 681 1193,1,663900,1,663900
880 1008 624 1136,1,663900,1,663900
2017 1889 1761,1,663900,1,663900
224 96 480 2016,1,664000,1,664000
1347 1475 1091,1,664000,1,664000
748 620 1004,1,664000,1,664000
1637 1765 1893 1381,1,664100,1,664100
890 1018 634 1146,1,664200,1,664200
1641 1769 1897 1385,1,664200,1,664200
585 713 841 329,1,664300,1,664300
942 814 686 1198,1,664400,1,664400
650 522 906 394,1,664500,1,664500
971 843 715 1227,1,664500,1,664500
257 385 1,1,664600,1,664600
695 567 951 439,1,664600,1,664600
1787 1659 2043 1531,1,664700,1,664700
1392 1520 1136,1,664800,1,664800
1290 1418 1034,1,664900,1,664900
418 290 162,1,664900,1,664900
244 116 500 2036,1,665000,1,665000
725 597 981 469,1,665200,1,665200
1501 1373 1245,1,665200,1,665200
740 612 996 484,1,665200,1,665200
728 600 984 472,1,665400,1,665400
1629 1757 1885 1373,1,665500,1,665500
882 1010 626 1138,1,665500,1,665500
1623 1751 1879 1367,1,665500,1,665500
1598 1726 1854 1342,1,665500,1,665500
666 538 922 410,1,665600,1,665600
886 1014 630 1142,1,665700,1,665700
1984 1856 1728,1,665800,1,665800
410 282 154,1,665900,1,665900
1993 1865 1737,1,665900,1,665900
1412 1284 1156,1,665900,1,665900
70 198 326 1862,1,665900,1,665900
1463 1335 1207,1,666300,1,666300
1823 1951 1567,1,666400,1,666400
53 181 309 1845,1,666400,1,666400
1903 2031 1647 111,1,666500,1,666500
1848 1976 1592,1,666500,1,666500
507 379 251,1,666500,1,666500
1663 1791 1919 1407,1,666600,1,666600
370 498 114,1,666600,1,666600
1892 2020 1636 100,1,666700,1,666700
1454 1326 1198,1,666800,1,666800
1692 1564 1948 1436,1,666900,1,666900
827 955 571 1083,1,666900,1,666900
1470 1342 1214,1,667000,1,667000
1780 1652 2036 1524,1,667000,1,667000
872 1000 616 1128,1,667100,1,667100
735 607 991 479,1,667100,1,667100
78 206 334 1870,1,667100,1,667100
1842 1970 1586,1,667100,1,667100
1757 1629 2013 1501,1,667200,1,667200
788 916 532 1044,1,667200,1,667200
63 191 319 1855,1,667300,1,667300
1827 1955 1571,1,667500,1,667500
1546 1674 1802 1290,1,667600,1,667600
983 855 727 1239,1,667600,1,667600
627 755 883 371,1,667600,1,667600
1816 1944 1560,1,667700,1,667700
357 485 101,1,667800,1,667800
1765 1637 2021 1509,1,667800,1,667800
66 194 322 1858,1,667900,1,667900
1891 2019 1635,1,667900,1,667900
626 754 882 370,1,667900,1,667900
601 729 857 345,1,668000,1,668000
1793 1921 1537 1,1,668000,1,668000
2037 1909 1781,1,668100,1,668100
1880 2008 1624,1,668100,1,668100
1539 1667 1795 1283,1,668200,1,668200
61 189 317 1853,1,668200,1,668200
639 767 895 383,1,668200,1,668200
217 89 473 2009,1,668200,1,668200
1888 2016 1632,1,668200,1,668200
1934 1806 1678 142,1,668300,1,668300
1364 1492 1108,1,668400,1,668400
852 980 596 1108,1,668400,1,668400
816 944 560 1072,1,668400,1,668400
2030 1902 1774,1,668500,1,668500
1333 1461 1077,1,668500,1,668500
1677 1549 1933 1421,1,668600,1,668600
837 965 581 1093,1,668700,1,668700
1554 1682 1810 1298,1,668700,1,668700
1968 1840 1712,1,668700,1,668700
455 327 199,1,668700,1,668700
1380 1508 1124,1,668700,1,668700
223 95 479 2015,1,668800,1,668800
412 284 156,1,668800,1,668800
379 507 123,1,668800,1,668800
7 135 263 1799,1,668800,1,668800
235 107 491 2027,1,669000,1,669000
856 984 600 1112,1,669100,1,669100
1729 1601 1985 1473,1,669100,1,669100
1893 2021 1637 101,1,669300,1,669300
530 658 786 274,1,669300,1,669300
614 742 870 358,1,669300,1,669300
1457 1329 1201,1,669400,1,669400
1446 1318 1190,1,669400,1,669400
68 196 324 1860,1,669400,1,669400
1679 1551 1935 1423,1,669400,1,669400
1771 1643 2027 1515,1,669400,1,669400
1718 1590 1974 1462,1,669500,1,669500
1734 1606 1990 1478,1,669500,1,669500
1404 1532 1148,1,669700,1,669700
906 778 650 1162,1,669800,1,669800
1863 1991 1607,1,669800,1,669800
2032 1904 1776,1,669800,1,669800
1434 1306 1178,1,669900,1,669900
1319 1447 1063,1,670200,1,670200
1654 1782 1910 1398,1,670200,1,670200
2044 1916 1788,1,670300,1,670300
572 700 828 316,1,670300,1,670300
1759 1631 2015 1503,1,670400,1,670400
975 847 719 1231,1,670600,1,670600
758 630 1014,1,670800,1,670800
1627 1755 1883 1371,1,670800,1,670800
465 337 209,1,670900,1,670900
859 987 603 1115,1,671000,1,671000
274 402 18,1,671000,1,671000
861 989 605 1117,1,671000,1,671000
933 805 677 1189,1,671100,1,671100
230 102 486 2022,1,671200,1,671200
422 294 166,1,671300,1,671300
1974 1846 1718,1,671300,1,671300
656 528 912 400,1,671400,1,671400
1898 2026 1642 106,1,671400,1,671400
1345 1473 1089,1,671400,1,671400
714 586 970 458,1,671600,1,671600
672 544 928 416,1,671700,1,671700
1477 1349 1221,1,671700,1,671700
4 132 260 1796,1,671700,1,671700
623 751 879 367,1,671700,1,671700
1305 1433 1049,1,671800,1,671800
976 848 720 1232,1,671800,1,671800
910 782 654 1166,1,671900,1,671900
358 486 102,1,672100,1,672100
1503 1375 1247,1,672100,1,672100
77 205 333 1869,1,672300,1,672300
1834 1962 1578,1,672300,1,672300
1930 1802 1674 138,1,672400,1,672400
2026 1898 1770,1,672400,1,672400
1862 1990 1606,1,672400,1,672400
1894 2022 1638 102,1,672600,1,672600
1376 1504 1120,1,672700,1,672700
1939 1811 1683 147,1,672700,1,672700
606 734 862 350,1,672700,1,672700
1522 1394 1266,1,672800,1,672800
785 913 529 1041,1,673000,1,673000
1657 1785 1913 1401,1,673000,1,673000
1530 1402 1274,1,673000,1,673000
1988 1860 1732,1,673000,1,673000
1570 1698 1826 1314,1,673100,1,673100
1920 1792 1664 128,1,673100,1,673100
498 370 242,1,673200,1,673200
2008 1880 1752,1,673200,1,673200
1928 1800 1672 136,1,673500,1,673500
55 183 311 1847,1,673500,1,673500
463 335 207,1,673600,1,673600
1277 1149 1533 1021,1,673700,1,673700
1826 1954 1570,1,674100,1,674100
811 939 555 1067,1,674200,1,674200
821 949 565 1077,1,674300,1,674300
853 981 597 1109,1,674400,1,674400
1835 1963 1579,1,674400,1,674400
1955 1827 1699 163,1,674500,1,674500
1578 1706 1834 1322,1,674600,1,674600
1499 1371 1243,1,674700,1,674700
621 749 877 365,1,674700,1,674700
386 258 130,1,674800,1,674800
943 815 687 1199,1,674800,1,674800
914 786 658 1170,1,674900,1,674900
967 839 711 1223,1,674900,1,674900
1667 1539 1923 1411,1,675000,1,675000
1876 2004 1620,1,675000,1,675000
892 1020 636 1148,1,675200,1,675200
1817 1945 1561,1,675200,1,675200
1286 1414 1030,1,675300,1,675300
1813 1941 1557,1,675300,1,675300
1738 1610 1994 1482,1,675300,1,675300
613 741 869 357,1,675600,1,675600
1706 1578 1962 1450,1,675600,1,675600
75 203 331 1867,1,675900,1,675900
390 262 134,1,676000,1,676000
1511 1383 1255,1,676100,1,676100
239 111 495 2031,1,676200,1,676200
823 951 567 1079,1,676400,1,676400
676 548 932 420,1,676400,1,676400
398 270 142,1,676500,1,676500
1356 1484 1100,1,676600,1,676600
520 648 776 264,1,676700,1,676700
879 1007 623 1135,1,676700,1,676700
2028 1900 1772,1,676900,1,676900
1730 1602 1986 1474,1,677000,1,677000
1405 1533 1149,1,677100,1,677100
2022 1894 1766,1,677300,1,677300
1424 1296 1168,1,677300,1,677300
981 853 725 1237,1,677300,1,677300
574 702 830 318,1,677400,1,677400
396 268 140,1,677400,1,677400
763 635 1019,1,677500,1,677500
1513 1385 1257,1,677600,1,677600
900 772 644 1156,1,677600,1,677600
1600 1728 1856 1344,1,678000,1,678000
929 801 673 1185,1,678100,1,678100
1493 1365 1237,1,678200,1,678200
1724 1596 1980 1468,1,678300,1,678300
1680 1552 1936 1424,1,678400,1,678400
39 167 295 1831,1,678400,1,678400
499 371 243,1,678500,1,678500
1403 1531 1147,1,678500,1,678500
282 410 26,1,678600,1,678600
1592 1720 1848 1336,1,678700,1,678700
439 311 183,1,678800,1,678800
969 841 713 1225,1,678800,1,678800
917 789 661 1173,1,678800,1,678800
848 976 592 1104,1,678900,1,678900
688 560 944 432,1,678900,1,678900
1785 1657 2041 1529,1,679000,1,679000
1799 1927 1543,1,679000,1,679000
1461 1333 1205,1,679000,1,679000
1994 1866 1738,1,679000,1,679000
755 627 1011,1,679000,1,679000
593 721 849 337,1,679100,1,679100
280 408 24,1,679100,1,679100
222 94 478 2014,1,679300,1,679300
1807 1935 1551 15,1,679300,1,679300
1916 2044 1660 124,1,679300,1,679300
1761 1633 2017 1505,1,679300,1,679300
2038 1910 1782,1,679300,1,679300
1866 1994 1610,1,679300,1,679300
495 367 239,1,679300,1,679300
864 992 608 1120,1,679400,1,679400
1643 1771 1899 1387,1,679400,1,679400
1541 1669 1797 1285,1,679700,1,679700
1373 1501 1117,1,679800,1,679800
1947 1819 1691 155,1,679800,1,679800
1750 1622 2006 1494,1,679800,1,679800
726 598 982 470,1,679800,1,679800
560 688 816 304,1,679800,1,679800
1795 1923 1539,1,679900,1,679900
1262 1134 1518 1006,1,679900,1,679900
1451 1323 1195,1,680000,1,680000
1846 1974 1590,1,680100,1,680100
884 1012 628 1140,1,680100,1,680100
924 796 668 1180,1,680100,1,680100
1335 1463 1079,1,680200,1,680200
1815 1943 1559,1,680200,1,680200
365 493 109,1,680200,1,680200
1732 1604 1988 1476,1,680200,1,680200
1772 1644 2028 1516,1,680300,1,680300
1580 1708 1836 1324,1,680300,1,680300
1722 1594 1978 1466,1,680400,1,680400
266 394 10,1,680400,1,680400
1824 1952 1568,1,680400,1,680400
548 676 804 292,1,680600,1,680600
1443 1315 1187,1,680600,1,680600
2043 1915 1787,1,680700,1,680700
467 339 211,1,680700,1,680700
1926 1798 1670 134,1,680800,1,680800
1689 1561 1945 1433,1,680800,1,680800
1410 1282 1154,1,680900,1,680900
734 606 990 478,1,681000,1,681000
620 748 876 364,1,681000,1,681000
1282 1410 1026,1,681000,1,681000
1630 1758 1886 1374,1,681100,1,681100
471 343 215,1,681100,1,681100
1371 1499 1115,1,681300,1,681300
71 199 327 1863,1,681300,1,681300
1524 1396 1268,1,681400,1,681400
434 306 178,1,681400,1,681400
1363 1491 1107,1,681400,1,681400
1566 1694 1822 1310,1,681700,1,681700
2014 1886 1758,1,681800,1,681800
743 615 999 487,1,681900,1,681900
766 638 1022,1,682000,1,682000
454 326 198,1,682000,1,682000
662 534 918 406,1,682100,1,682100
1912 2040 1656 120,1,682300,1,682300
1999 1871 1743,1,682300,1,682300
841 969 585 1097,1,682400,1,682400
761 633 1017,1,682400,1,682400
236 108 492 2028,1,682400,1,682400
501 373 245,1,682400,1,682400
815 943 559 1071,1,682500,1,682500
384 256 128,1,682600,1,682600
1702 1574 1958 1446,1,682700,1,682700
1906 2034 1650 114,1,682700,1,682700
1896 2024 1640 104,1,682700,1,682700
1845 1973 1589,1,682700,1,682700
1487 1359 1231,1,682800,1,682800
1517 1389 1261,1,682900,1,682900
276 404 20,1,682900,1,682900
515 643 771 259,1,683000,1,683000
1355 1483 1099,1,683000,1,683000
1414 1286 1158,1,683000,1,683000
803 931 547 1059,1,683000,1,683000
1327 1455 1071,1,683100,1,683100
1464 1336 1208,1,683200,1,683200
538 666 794 282,1,683400,1,683400
633 761 889 377,1,683400,1,683400
420 292 164,1,683400,1,683400
2010 1882 1754,1,683600,1,683600
1576 1704 1832 1320,1,683600,1,683600
1950 1822 1694 158,1,683700,1,683700
1661 1789 1917 1405,1,683800,1,683800
1423 1295 1167,1,684000,1,684000
544 672 800 288,1,684300,1,684300
1438 1310 1182,1,684300,1,684300
739 611 995 483,1,684300,1,684300
1744 1616 2000 1488,1,684400,1,684400
2018 1890 1762,1,684500,1,684500
1856 1984 1600,1,684600,1,684600
1350 1478 1094,1,684600,1,684600
377 505 121,1,684700,1,684700
1353 1481 1097,1,684700,1,684700
483 355 227,1,684700,1,684700
1369 1497 1113,1,684800,1,684800
1268 1140 1524 1012,1,684900,1,684900
1653 1781 1909 1397,1,684900,1,684900
408 280 152,1,685000,1,685000
413 285 157,1,685000,1,685000
1605 1733 1861 1349,1,685100,1,685100
479 351 223,1,685200,1,685200
825 953 569 1081,1,685200,1,685200
2002 1874 1746,1,685300,1,685300
481 353 225,1,685400,1,685400
931 803 675 1187,1,685500,1,685500
1874 2002 1618,1,685500,1,685500
957 829 701 1213,1,685500,1,685500
1831 1959 1575,1,685700,1,685700
566 694 822 310,1,685800,1,685800
1904 2032 1648 112,1,685800,1,685800
603 731 859 347,1,686000,1,686000
647 519 903 391,1,686200,1,686200
446 318 190,1,686400,1,686400
552 680 808 296,1,686500,1,686500
1276 1148 1532 1020,1,686500,1,686500
1983 1855 1727,1,686600,1,686600
369 497 113,1,686600,1,686600
1841 1969 1585,1,686600,1,686600
955 827 699 1211,1,686600,1,686600
436 308 180,1,686700,1,686700
1854 1982 1598,1,686700,1,686700
356 484 100,1,686800,1,686800
1475 1347 1219,1,686800,1,686800
829 957 573 1085,1,686800,1,686800
1574 1702 1830 1318,1,686800,1,686800
1803 1931 1547 11,1,687000,1,687000
619 747 875 363,1,687100,1,687100
2024 1896 1768,1,687100,1,687100
584 712 840 328,1,687200,1,687200
718 590 974 462,1,687300,1,687300
587 715 843 331,1,687400,1,687400
1594 1722 1850 1338,1,687400,1,687400
1440 1312 1184,1,687400,1,687400
1544 1672 1800 1288,1,687500,1,687500
1933 1805 1677 141,1,687600,1,687600
1963 1835 1707,1,687700,1,687700
920 792 664 1176,1,687900,1,687900
1426 1298 1170,1,688000,1,688000
227 99 483 2019,1,688000,1,688000
1428 1300 1172,1,688200,1,688200
972 844 716 1228,1,688300,1,688300
730 602 986 474,1,688300,1,688300
1379 1507 1123,1,688300,1,688300
528 656 784 272,1,688400,1,688400
1326 1454 1070,1,688600,1,688600
648 520 904 392,1,688600,1,688600
1949 1821 1693 157,1,688700,1,688700
684 556 940 428,1,688700,1,688700
1468 1340 1212,1,688800,1,688800
1568 1696 1824 1312,1,688800,1,688800
1274 1146 1530 1018,1,688900,1,688900
453 325 197,1,689100,1,689100
421 293 165,1,689100,1,689100
361 489 105,1,689200,1,689200
794 922 538 1050,1,689200,1,689200
628 756 884 372,1,689300,1,689300
1610 1738 1866 1354,1,689300,1,689300
616 744 872 360,1,689400,1,689400
838 966 582 1094,1,689500,1,689500
477 349 221,1,689600,1,689600
1294 1422 1038,1,689600,1,689600
595 723 851 339,1,689700,1,689700
737 609 993 481,1,689800,1,689800
258 386 2,1,689800,1,689800
2012 1884 1756,1,689800,1,689800
1635 1763 1891 1379,1,689900,1,689900
708 580 964 452,1,690000,1,690000
635 763 891 379,1,690100,1,690100
1986 1858 1730,1,690200,1,690200
80 208 336 1872,1,690200,1,690200
649 521 905 393,1,690300,1,690300
1909 2037 1653 117,1,690300,1,690300
1720 1592 1976 1464,1,690300,1,690300
363 491 107,1,690400,1,690400
1496 1368 1240,1,690500,1,690500
1509 1381 1253,1,690500,1,690500
1763 1635 2019 1507,1,690600,1,690600
789 917 533 1045,1,690600,1,690600
1418 1290 1162,1,690700,1,690700
1864 1992 1608,1,690700,1,690700
271 399 15,1,690700,1,690700
532 660 788 276,1,690900,1,690900
1788 1660 2044 1532,1,691500,1,691500
1590 1718 1846 1334,1,691500,1,691500
1536 1664 1792 1280,1,691500,1,691500
226 98 482 2018,1,691500,1,691500
546 674 802 290,1,691500,1,691500
878 1006 622 1134,1,691600,1,691600
851 979 595 1107,1,691800,1,691800
1560 1688 1816 1304,1,691900,1,691900
1655 1783 1911 1399,1,692200,1,692200
876 1004 620 1132,1,692400,1,692400
1334 1462 1078,1,692400,1,692400
645 517 901 389,1,692500,1,692500
76 204 332 1868,1,692500,1,692500
36 164 292 1828,1,692600,1,692600
1313 1441 1057,1,692700,1,692700
461 333 205,1,692700,1,692700
1819 1947 1563,1,692800,1,692800
430 302 174,1,692800,1,692800
862 990 606 1118,1,692800,1,692800
696 568 952 440,1,692900,1,692900
750 622 1006,1,693200,1,693200
428 300 172,1,693200,1,693200
980 852 724 1236,1,693300,1,693300
1796 1924 1540,1,693400,1,693400
522 650 778 266,1,693400,1,693400
1538 1666 1794 1282,1,693500,1,693500
896 768 640 1152,1,693600,1,693600
1666 1538 1922 1410,1,693700,1,693700
1391 1519 1135,1,693900,1,693900
1829 1957 1573,1,693900,1,693900
899 771 643 1155,1,693900,1,693900
1671 1543 1927 1415,1,693900,1,693900
1308 1436 1052,1,694100,1,694100
404 276 148,1,694200,1,694200
700 572 956 444,1,694200,1,694200
680 552 936 424,1,694300,1,694300
41 169 297 1833,1,694400,1,694400
1606 1734 1862 1350,1,694400,1,694400
1791 1663 2047 1535,1,694400,1,694400
953 825 697 1209,1,694400,1,694400
1937 1809 1681 145,1,694500,1,694500
973 845 717 1229,1,694800,1,694800
60 188 316 1852,1,694800,1,694800
37 165 293 1829,1,694900,1,694900
1941 1813 1685 149,1,695000,1,695000
631 759 887 375,1,695000,1,695000
1342 1470 1086,1,695000,1,695000
588 716 844 332,1,695200,1,695200
661 533 917 405,1,695200,1,695200
1488 1360 1232,1,695200,1,695200
531 659 787 275,1,695200,1,695200
674 546 930 418,1,695300,1,695300
1448 1320 1192,1,695400,1,695400
854 982 598 1110,1,695700,1,695700
473 345 217,1,695700,1,695700
1775 1647 2031 1519,1,695700,1,695700
591 719 847 335,1,695700,1,695700
607 735 863 351,1,695800,1,695800
1695 1567 1951 1439,1,695800,1,695800
246 118 502 2038,1,696000,1,696000
218 90 474 2010,1,696100,1,696100
474 346 218,1,696200,1,696200
23 151 279 1815,1,696300,1,696300
1306 1434 1050,1,696400,1,696400
79 207 335 1871,1,696400,1,696400
1699 1571 1955 1443,1,696500,1,696500
534 662 790 278,1,696900,1,696900
485 357 229,1,696900,1,696900
568 696 824 312,1,696900,1,696900
947 819 691 1203,1,697000,1,697000
831 959 575 1087,1,697100,1,697100
1387 1515 1131,1,697200,1,697200
1821 1949 1565,1,697200,1,697200
542 670 798 286,1,697300,1,697300
1504 1376 1248,1,697400,1,697400
875 1003 619 1131,1,697500,1,697500
722 594 978 466,1,697500,1,697500
406 278 150,1,697600,1,697600
713 585 969 457,1,697700,1,697700
625 753 881 369,1,697900,1,697900
1925 1797 1669 133,1,698000,1,698000
1651 1779 1907 1395,1,698000,1,698000
1942 1814 1686 150,1,698000,1,698000
1836 1964 1580,1,698000,1,698000
475 347 219,1,698000,1,698000
1552 1680 1808 1296,1,698100,1,698100
376 504 120,1,698100,1,698100
489 361 233,1,698200,1,698200
564 692 820 308,1,698200,1,698200
1710 1582 1966 1454,1,698300,1,698300
871 999 615 1127,1,698300,1,698300
845 973 589 1101,1,698300,1,698300
733 605 989 477,1,698300,1,698300
1764 1636 2020 1508,1,698300,1,698300
1861 1989 1605,1,698400,1,698400
1471 1343 1215,1,698500,1,698500
438 310 182,1,698600,1,698600
694 566 950 438,1,698600,1,698600
1618 1746 1874 1362,1,698700,1,698700
1703 1575 1959 1447,1,698700,1,698700
1801 1929 1545,1,698800,1,698800
1394 1522 1138,1,698900,1,698900
2031 1903 1775,1,698900,1,698900
819 947 563 1075,1,699100,1,699100
1812 1940 1556,1,699100,1,699100
414 286 158,1,699200,1,699200
951 823 695 1207,1,699400,1,699400
1979 1851 1723,1,699500,1,699500
858 986 602 1114,1,699500,1,699500
514 642 770 258,1,699600,1,699600
948 820 692 1204,1,699700,1,699700
1435 1307 1179,1,699800,1,699800
1714 1586 1970 1458,1,699900,1,699900
1728 1600 1984 1472,1,699900,1,699900
554 682 810 298,1,700000,1,700000
267 395 11,1,700000,1,700000
1479 1351 1223,1,700100,1,700100
1367 1495 1111,1,700200,1,700200
915 787 659 1171,1,700200,1,700200
1961 1833 1705 169,1,700300,1,700300
381 509 125,1,700300,1,700300
248 120 504 2040,1,700500,1,700500
1281 1409 1025,1,700500,1,700500
839 967 583 1095,1,700600,1,700600
609 737 865 353,1,700600,1,700600
1625 1753 1881 1369,1,700800,1,700800
1532 1404 1276,1,700800,1,700800
1545 1673 1801 1289,1,700900,1,700900
963 835 707 1219,1,701000,1,701000
1528 1400 1272,1,701100,1,701100
44 172 300 1836,1,701100,1,701100
1495 1367 1239,1,701100,1,701100
570 698 826 314,1,701200,1,701200
364 492 108,1,701200,1,701200
442 314 186,1,701300,1,701300
685 557 941 429,1,701300,1,701300
1844 1972 1588,1,701300,1,701300
2016 1888 1760,1,701400,1,701400
73 201 329 1865,1,701500,1,701500
1694 1566 1950 1438,1,701600,1,701600
272 400 16,1,701600,1,701600
1832 1960 1576,1,701700,1,701700
1945 1817 1689 153,1,701700,1,701700
721 593 977 465,1,701700,1,701700
1497 1369 1241,1,701900,1,701900
388 260 132,1,702000,1,702000
441 313 185,1,702000,1,702000
847 975 591 1103,1,702100,1,702100
493 365 237,1,702200,1,702200
1378 1506 1122,1,702200,1,702200
1958 1830 1702 166,1,702200,1,702200
1884 2012 1628,1,702300,1,702300
1735 1607 1991 1479,1,702300,1,702300
1914 2042 1658 122,1,702400,1,702400
2000 1872 1744,1,702400,1,702400
1678 1550 1934 1422,1,702500,1,702500
3 131 259 1795,1,702500,1,702500
1686 1558 1942 1430,1,702600,1,702600
729 601 985 473,1,702600,1,702600
717 589 973 461,1,702600,1,702600
790 918 534 1046,1,702600,1,702600
368 496 112,1,702700,1,702700
433 305 177,1,702800,1,702800
599 727 855 343,1,702800,1,702800
1659 1787 1915 1403,1,702900,1,702900
1520 1392 1264,1,702900,1,702900
52 180 308 1844,1,702900,1,702900
600 728 856 344,1,703100,1,703100
624 752 880 368,1,703200,1,703200
470 342 214,1,703200,1,703200
940 812 684 1196,1,703300,1,703300
1389 1517 1133,1,703900,1,703900
278 406 22,1,703900,1,703900
1318 1446 1062,1,704000,1,704000
1321 1449 1065,1,704100,1,704100
1357 1485 1101,1,704200,1,704200
705 577 961 449,1,704300,1,704300
716 588 972 460,1,704400,1,704400
1349 1477 1093,1,704500,1,704500
1617 1745 1873 1361,1,704700,1,704700
927 799 671 1183,1,704800,1,704800
1480 1352 1224,1,704900,1,704900
586 714 842 330,1,704900,1,704900
895 1023 639 1151,1,704900,1,704900
797 925 541 1053,1,705000,1,705000
2027 1899 1771,1,705000,1,705000
1489 1361 1233,1,705000,1,705000
1519 1391 1263,1,705200,1,705200
1447 1319 1191,1,705300,1,705300
596 724 852 340,1,705300,1,705300
1516 1388 1260,1,705300,1,705300
1472 1344 1216,1,705400,1,705400
932 804 676 1188,1,705400,1,705400
1991 1863 1735,1,705400,1,705400
2040 1912 1784,1,705600,1,705600
1975 1847 1719,1,705600,1,705600
1739 1611 1995 1483,1,705700,1,705700
69 197 325 1861,1,705700,1,705700
798 926 542 1054,1,705900,1,705900
1670 1542 1926 1414,1,706000,1,706000
392 264 136,1,706100,1,706100
1459 1331 1203,1,706600,1,706600
1748 1620 2004 1492,1,706700,1,706700
665 537 921 409,1,706800,1,706800
1586 1714 1842 1330,1,706900,1,706900
1564 1692 1820 1308,1,707000,1,707000
746 618 1002,1,707200,1,707200
1269 1141 1525 1013,1,707300,1,707300
1322 1450 1066,1,707400,1,707400
690 562 946 434,1,707400,1,707400
1354 1482 1098,1,707500,1,707500
1467 1339 1211,1,707700,1,707700
1711 1583 1967 1455,1,707700,1,707700
487 359 231,1,707900,1,707900
1256 1128 1512 1000,1,707900,1,707900
1837 1965 1581,1,707900,1,707900
912 784 656 1168,1,707900,1,707900
964 836 708 1220,1,707900,1,707900
939 811 683 1195,1,708000,1,708000
1683 1555 1939 1427,1,708100,1,708100
907 779 651 1163,1,708100,1,708100
576 704 832 320,1,708200,1,708200
701 573 957 445,1,708200,1,708200
458 330 202,1,708400,1,708400
850 978 594 1106,1,708500,1,708500
2019 1891 1763,1,708500,1,708500
891 1019 635 1147,1,708600,1,708600
1890 2018 1634,1,708700,1,708700
855 983 599 1111,1,708800,1,708800
1938 1810 1682 146,1,709100,1,709100
1390 1518 1134,1,709100,1,709100
1833 1961 1577,1,709100,1,709100
1366 1494 1110,1,709200,1,709200
234 106 490 2026,1,709300,1,709300
429 301 173,1,709300,1,709300
527 655 783 271,1,709400,1,709400
482 354 226,1,709600,1,709600
1707 1579 1963 1451,1,709700,1,709700
903 775 647 1159,1,709700,1,709700
1370 1498 1114,1,709700,1,709700
1602 1730 1858 1346,1,709900,1,709900
822 950 566 1078,1,709900,1,709900
1690 1562 1946 1434,1,710000,1,710000
1481 1353 1225,1,710200,1,710200
1383 1511 1127,1,710200,1,710200
754 626 1010,1,710300,1,710300
702 574 958 446,1,710300,1,710300
1609 1737 1865 1353,1,710400,1,710400
2046 1918 1790,1,710700,1,710700
911 783 655 1167,1,710700,1,710700
968 840 712 1224,1,710800,1,710800
1553 1681 1809 1297,1,710800,1,710800
1990 1862 1734,1,710900,1,710900
835 963 579 1091,1,710900,1,710900
660 532 916 404,1,710900,1,710900
709 581 965 453,1,710900,1,710900
579 707 835 323,1,710900,1,710900
559 687 815 303,1,711000,1,711000
1917 2045 1661 125,1,711100,1,711100
1645 1773 1901 1389,1,711200,1,711200
575 703 831 319,1,711600,1,711600
1978 1850 1722,1,711700,1,711700
1601 1729 1857 1345,1,711700,1,711700
539 667 795 283,1,712100,1,712100
57 185 313 1849,1,712200,1,712200
1639 1767 1895 1383,1,712200,1,712200
1382 1510 1126,1,712300,1,712300
526 654 782 270,1,712300,1,712300
1998 1870 1742,1,712500,1,712500
1325 1453 1069,1,712500,1,712500
604 732 860 348,1,712500,1,712500
1431 1303 1175,1,712600,1,712600
1293 1421 1037,1,712800,1,712800
275 403 19,1,713200,1,713200
965 837 709 1221,1,713300,1,713300
749 621 1005,1,713300,1,713300
1953 1825 1697 161,1,713400,1,713400
805 933 549 1061,1,713400,1,713400
1537 1665 1793 1281,1,713400,1,713400
834 962 578 1090,1,713500,1,713500
20 148 276 1812,1,713600,1,713600
1593 1721 1849 1337,1,713600,1,713600
243 115 499 2035,1,713600,1,713600
1642 1770 1898 1386,1,713800,1,713800
219 91 475 2011,1,714000,1,714000
1646 1774 1902 1390,1,714000,1,714000
1589 1717 1845 1333,1,714100,1,714100
1852 1980 1596,1,714100,1,714100
802 930 546 1058,1,714200,1,714200
563 691 819 307,1,714300,1,714300
809 937 553 1065,1,714300,1,714300
1767 1639 2023 1511,1,714400,1,714400
1675 1547 1931 1419,1,714500,1,714500
944 816 688 1200,1,714600,1,714600
1302 1430 1046,1,714700,1,714700
681 553 937 425,1,715000,1,715000
535 663 791 279,1,715000,1,715000
826 954 570 1082,1,715000,1,715000
1402 1530 1146,1,715100,1,715100
1549 1677 1805 1293,1,715200,1,715200
1622 1750 1878 1366,1,715200,1,715200
1853 1981 1597,1,715200,1,715200
664 536 920 408,1,715300,1,715300
1395 1523 1139,1,715400,1,715400
490 362 234,1,715500,1,715500
757 629 1013,1,715500,1,715500
1374 1502 1118,1,715500,1,715500
256 384 0,1,715600,1,715600
765 637 1021,1,715700,1,715700
1358 1486 1102,1,715700,1,715700
279 407 23,1,715900,1,715900
2020 1892 1764,1,716000,1,716000
677 549 933 421,1,716100,1,716100
1783 1655 2039 1527,1,716400,1,716400
2047 1919 1791,1,716400,1,716400
543 671 799 287,1,716400,1,716400
668 540 924 412,1,716500,1,716500
813 941 557 1069,1,716700,1,716700
863 991 607 1119,1,716700,1,716700
506 378 250,1,716800,1,716800
640 512 896 384,1,716800,1,716800
753 625 1009,1,716900,1,716900
367 495 111,1,717000,1,717000
1500 1372 1244,1,717200,1,717200
1473 1345 1217,1,717400,1,717400
1455 1327 1199,1,717400,1,717400
1747 1619 2003 1491,1,717500,1,717500
644 516 900 388,1,717500,1,717500
1929 1801 1673 137,1,718000,1,718000
8 136 264 1800,1,718000,1,718000
558 686 814 302,1,718100,1,718100
486 358 230,1,718100,1,718100
1297 1425 1041,1,718100,1,718100
1731 1603 1987 1475,1,718300,1,718300
580 708 836 324,1,718600,1,718600
894 1022 638 1150,1,718800,1,718800
1921 1793 1665 129,1,718900,1,718900
742 614 998 486,1,719000,1,719000
1777 1649 2033 1521,1,719300,1,719300
1808 1936 1552,1,719400,1,719400
615 743 871 359,1,719400,1,719400
1687 1559 1943 1431,1,719400,1,719400
1573 1701 1829 1317,1,719500,1,719500
1760 1632 2016 1504,1,719700,1,719700
380 508 124,1,719700,1,719700
818 946 562 1074,1,719900,1,719900
519 647 775 263,1,720000,1,720000
1966 1838 1710,1,720200,1,720200
673 545 929 417,1,720200,1,720200
503 375 247,1,720300,1,720300
1556 1684 1812 1300,1,720400,1,720400
389 261 133,1,720400,1,720400
1569 1697 1825 1313,1,720400,1,720400
1820 1948 1564,1,720500,1,720500
1849 1977 1593,1,720500,1,720500
1456 1328 1200,1,720600,1,720600
449 321 193,1,720700,1,720700
1962 1834 1706 170,1,720700,1,720700
1452 1324 1196,1,720700,1,720700
1298 1426 1042,1,720700,1,720700
409 281 153,1,720800,1,720800
1987 1859 1731,1,720900,1,720900
960 832 704 1216,1,721000,1,721000
511 383 255,1,721100,1,721100
874 1002 618 1130,1,721100,1,721100
437 309 181,1,721200,1,721200
1800 1928 1544,1,721300,1,721300
2039 1911 1783,1,721400,1,721400
935 807 679 1191,1,721500,1,721500
652 524 908 396,1,721500,1,721500
843 971 587 1099,1,721700,1,721700
1971 1843 1715,1,721700,1,721700
1691 1563 1947 1435,1,721900,1,721900
1736 1608 1992 1480,1,721900,1,721900
1460 1332 1204,1,721900,1,721900
1346 1474 1090,1,722000,1,722000
697 569 953 441,1,722000,1,722000
583 711 839 327,1,722100,1,722100
1476 1348 1220,1,722100,1,722100
1257 1129 1513 1001,1,722200,1,722200
846 974 590 1102,1,722300,1,722300
786 914 530 1042,1,722300,1,722300
397 269 141,1,722300,1,722300
1873 2001 1617,1,722300,1,722300
689 561 945 433,1,722400,1,722400
1614 1742 1870 1358,1,722500,1,722500
710 582 966 454,1,722600,1,722600
961 833 705 1217,1,722600,1,722600
571 699 827 315,1,722600,1,722600
1508 1380 1252,1,722900,1,722900
551 679 807 295,1,723000,1,723000
1638 1766 1894 1382,1,723300,1,723300
567 695 823 311,1,723600,1,723600
1922 1794 1666 130,1,724000,1,724000
1407 1535 1151,1,724200,1,724200
1540 1668 1796 1284,1,724200,1,724200
1727 1599 1983 1471,1,724300,1,724300
1436 1308 1180,1,724400,1,724400
1292 1420 1036,1,724600,1,724600
1577 1705 1833 1321,1,724800,1,724800
518 646 774 262,1,724800,1,724800
1439 1311 1183,1,724800,1,724800
1406 1534 1150,1,724800,1,724800
592 720 848 336,1,724900,1,724900
1885 2013 1629,1,725000,1,725000
462 334 206,1,725100,1,725100
1301 1429 1045,1,725200,1,725200
830 958 574 1086,1,725300,1,725300
745 617 1001,1,725400,1,725400
1658 1786 1914 1402,1,725400,1,725400
1889 2017 1633,1,725600,1,725600
425 297 169,1,725700,1,725700
1869 1997 1613,1,725700,1,725700
1633 1761 1889 1377,1,725800,1,725800
669 541 925 413,1,725800,1,725800
1682 1554 1938 1426,1,725800,1,725800
1484 1356 1228,1,726000,1,726000
1982 1854 1726,1,726100,1,726100
1419 1291 1163,1,726200,1,726200
887 1015 631 1143,1,726500,1,726500
1265 1137 1521 1009,1,726700,1,726700
919 791 663 1175,1,726700,1,726700
806 934 550 1062,1,726700,1,726700
1809 1937 1553,1,726800,1,726800
2015 1887 1759,1,726800,1,726800
842 970 586 1098,1,726900,1,726900
1650 1778 1906 1394,1,726900,1,726900
1362 1490 1106,1,727000,1,727000
1548 1676 1804 1292,1,727100,1,727100
450 322 194,1,727300,1,727300
372 500 116,1,727400,1,727400
867 995 611 1123,1,727400,1,727400
1740 1612 1996 1484,1,727400,1,727400
1581 1709 1837 1325,1,727500,1,727500
1634 1762 1890 1378,1,727700,1,727700
1492 1364 1236,1,727700,1,727700
632 760 888 376,1,727700,1,727700
1399 1527 1143,1,727700,1,727700
916 788 660 1172,1,727800,1,727800
1386 1514 1130,1,728000,1,728000
48 176 304 1840,1,728500,1,728500
612 740 868 356,1,728500,1,728500
793 921 537 1049,1,728600,1,728600
657 529 913 401,1,728600,1,728600
1557 1685 1813 1301,1,728800,1,728800
56 184 312 1848,1,728800,1,728800
1444 1316 1188,1,729000,1,729000
1512 1384 1256,1,729100,1,729100
417 289 161,1,729200,1,729200
1261 1133 1517 1005,1,729400,1,729400
72 200 328 1864,1,729600,1,729600
393 265 137,1,729700,1,729700
693 565 949 437,1,729700,1,729700
49 177 305 1841,1,729800,1,729800
1865 1993 1609,1,729900,1,729900
936 808 680 1192,1,730100,1,730100
40 168 296 1832,1,730100,1,730100
510 382 254,1,730300,1,730300
1755 1627 2011 1499,1,730500,1,730500
1881 2009 1625,1,730500,1,730500
445 317 189,1,730900,1,730900
1415 1287 1159,1,730900,1,730900
1792 1920 1536 0,1,731100,1,731100
1698 1570 1954 1442,1,731200,1,731200
870 998 614 1126,1,731300,1,731300
373 501 117,1,731600,1,731600
457 329 201,1,731900,1,731900
1411 1283 1155,1,732200,1,732200
65 193 321 1857,1,732200,1,732200
1752 1624 2008 1496,1,732200,1,732200
469 341 213,1,732400,1,732400
1289 1417 1033,1,733000,1,733000
952 824 696 1208,1,733000,1,733000
1613 1741 1869 1357,1,733100,1,733100
466 338 210,1,733200,1,733200
1341 1469 1085,1,733500,1,733500
1954 1826 1698 162,1,733500,1,733500
923 795 667 1179,1,733700,1,733700
1309 1437 1053,1,733800,1,733800
810 938 554 1066,1,733900,1,733900
762 634 1018,1,734100,1,734100
1743 1615 1999 1487,1,734200,1,734200
641 513 897 385,1,734700,1,734700
636 764 892 380,1,734700,1,734700
405 277 149,1,735300,1,735300
360 488 104,1,735700,1,735700
1317 1445 1061,1,735700,1,735700
1857 1985 1601,1,736200,1,736200
1715 1587 1971 1459,1,736600,1,736600
814 942 558 1070,1,736600,1,736600
928 800 672 1184,1,737200,1,737200
1828 1956 1572,1,737300,1,737300
2007 1879 1751,1,737500,1,737500
1266 1138 1522 1010,1,737800,1,737800
608 736 864 352,1,737800,1,737800
478 350 222,1,737900,1,737900
1825 1953 1569,1,738200,1,738200
2003 1875 1747,1,738500,1,738500
1662 1790 1918 1406,1,738600,1,738600
1505 1377 1249,1,738800,1,738800
231 103 487 2023,1,739300,1,739300
1314 1442 1058,1,739600,1,739600
1756 1628 2012 1500,1,739800,1,739800
24 152 280 1816,1,739900,1,739900
706 578 962 450,1,740000,1,740000
1674 1546 1930 1418,1,740200,1,740200
1719 1591 1975 1463,1,740700,1,740700
1621 1749 1877 1365,1,741300,1,741300
1877 2005 1621,1,741300,1,741300
1483 1355 1227,1,741400,1,741400
238 110 494 2030,1,741400,1,741400
738 610 994 482,1,741600,1,741600
1529 1401 1273,1,741900,1,741900
547 675 803 291,1,742400,1,742400
1597 1725 1853 1341,1,743000,1,743000
1427 1299 1171,1,743200,1,743200
1723 1595 1979 1467,1,743800,1,743800
1768 1640 2024 1512,1,744400,1,744400
1995 1867 1739,1,745100,1,745100
1260 1132 1516 1004,1,745100,1,745100
1897 2025 1641 105,1,745100,1,745100
502 374 246,1,746300,1,746300
1565 1693 1821 1309,1,746400,1,746400
1273 1145 1529 1017,1,747800,1,747800
1626 1754 1882 1370,1,747900,1,747900
2023 1895 1767,1,748300,1,748300
977 849 721 1233,1,748500,1,748500
1585 1713 1841 1329,1,748600,1,748600
2011 1883 1755,1,749900,1,749900
1561 1689 1817 1305,1,750300,1,750300
1776 1648 2032 1520,1,750400,1,750400
1285 1413 1029,1,751000,1,751000
883 1011 627 1139,1,752000,1,752000
385 257 129,1,753200,1,753200
1338 1466 1082,1,755200,1,755200
401 273 145,1,755700,1,755700
81 209 337 1873,1,757100,1,757100
956 828 700 1212,1,758800,1,758800
247 119 503 2039,1,758900,1,758900
1330 1458 1074,1,759500,1,759500
1946 1818 1690 154,1,762000,1,762000
1521 1393 1265,1,762900,1,762900
1913 2041 1657 121,1,763600,1,763600
555 683 811 299,1,767300,1,767300
1784 1656 2040 1528,1,768500,1,768500
494 366 238,1,769000,1,769000
1905 2033 1649 113,1,794900,1,794900
1153 1155 1157 1159 1161 1163,1,2.258e+06,3,6.983e+06
995 993 1023 1021 1019 1017,1,2.261e+06,3,6.868e+06
293 295 297 299 301 303 305 307 309 277,1,2.264e+06,4,9.243e+06
1023 1021 1019 1017 1015 1013,1,2.271e+06,3,6.868e+06
200 202 204 206 208 210 212,1,2.272e+06,4,9.496e+06
289 291 293 295 297 299,1,2.273e+06,4,9.312e+06
1137 1139 1141 1143 1145 1147 1149 1151 1121,1,2.275e+06,4,9.399e+06
1226 1224 1222 1220 1218 1216,1,2.275e+06,3,6.97e+06
241 243 245 247 249 251 253,1,2.281e+06,1,2.281e+06
253 255 225 227 229 231 233,1,2.289e+06,1,2.289e+06
1055 1053 1051 1049 1047 1045,1,2.291e+06,3,6.931e+06
1056 1058 1060 1062 1064 1066 1068 1070 1072,1,2.292e+06,4,9.399e+06
1254 1252 1250 1248 1278 1276,1,2.294e+06,2,4.677e+06
1051 1049 1047 1045 1043 1041 1039,1,2.295e+06,3,6.99e+06
94 92 90 88 86 84,1,2.296e+06,3,7.115e+06
1197 1199 1201 1203 1205 1207,1,2.296e+06,4,9.593e+06
216 218 220 222 192 194 196 198 200,1,2.298e+06,3,7.098e+06
313 315 317 319 289 291 293 295 297,1,2.298e+06,4,9.312e+06
987 985 983 981 979 977 975,1,2.299e+06,2,4.632e+06
151 149 147 145 143 141 139,1,2.302e+06,4,9.392e+06
1242 1240 1238 1236 1234 1232,1,2.304e+06,3,6.959e+06
297 299 301 303 305 307 309,1,2.305e+06,4,9.243e+06
1169 1171 1173 1175 1177 1179 1181,1,2.311e+06,4,9.414e+06
1238 1236 1234 1232 1230 1228,1,2.311e+06,3,6.993e+06
768 770 772 774 776 778,1,2.312e+06,3,6.99e+06
779 777 775 773 771 769,1,2.312e+06,3,7.069e+06
1246 1244 1242 1240 1238 1236,1,2.317e+06,3,7.008e+06
338 336 334 332 330 328 326,1,2.317e+06,4,9.488e+06
1096 1098 1100 1102 1104 1106,1,2.317e+06,3,7.045e+06
135 133 131 129 159 157 155 153,1,2.318e+06,4,9.408e+06
305 307 309 311 313 315 317,1,2.319e+06,4,9.308e+06
1210 1208 1206 1204 1202 1200,1,2.321e+06,3,7.135e+06
776 778 780 782 784 786,1,2.323e+06,3,7.077e+06
1092 1094 1096 1098 1100 1102,1,2.326e+06,3,7.075e+06
1060 1062 1064 1066 1068 1070,1,2.328e+06,4,9.399e+06
167 165 163 161 191 189 187,1,2.33e+06,4,9.549e+06
17 19 21 23 25 27 29 31 1,1,2.33e+06,2,4.678e+06
208 210 212 214 216 218 220 222 192,1,2.331e+06,3,7.128e+06
1181 1183 1153 1155 1157 1159 1161,1,2.332e+06,3,7.051e+06
1072 1074 1076 1078 1080 1082,1,2.333e+06,3,7.112e+06
991 989 987 985 983 981,1,2.333e+06,2,4.632e+06
147 145 143 141 139 137 135,1,2.334e+06,4,9.371e+06
1019 1017 1015 1013 1011 1009,1,2.336e+06,3,6.868e+06
309 311 313 315 317 319 289 291 293,1,2.336e+06,4,9.312e+06
1121 1123 1125 1127 1129 1131 1133,1,2.337e+06,4,9.468e+06
354 352 382 380 378 376 374,1,2.338e+06,1,2.338e+06
1218 1216 1246 1244 1242 1240,1,2.338e+06,3,7.008e+06
119 117 115 113 111 109 107 105 103,1,2.34e+06,3,7.191e+06
1234 1232 1230 1228 1226 1224 1222,1,2.34e+06,3,6.993e+06
126 124 122 120 118 116,1,2.341e+06,3,7.232e+06
1230 1228 1226 1224 1222 1220 1218,1,2.342e+06,3,6.993e+06
1213 1215 1185 1187 1189 1191,1,2.342e+06,3,7.216e+06
1190 1188 1186 1184 1214 1212,1,2.343e+06,4,9.57e+06
1202 1200 1198 1196 1194 1192,1,2.343e+06,3,7.206e+06
284 286 256 258 260 262 264 266 268,1,2.344e+06,1,2.344e+06
1047 1045 1043 1041 1039 1037,1,2.345e+06,3,1.1277e+07
285 287 257 259 261 263 265 267 269,1,2.347e+06,1,2.347e+06
1141 1143 1145 1147 1149 1151,1,2.348e+06,4,9.399e+06
1044 1046 1048 1050 1052 1054,1,2.348e+06,3,7.166e+06
29 31 1 3 5 7 9,1,2.348e+06,2,4.678e+06
184 186 188 190 160 162 164 166,1,2.35e+06,4,9.57e+06
1080 1082 1084 1086 1056 1058 1060 1062 1064,1,2.35e+06,4,9.323e+06
1076 1078 1080 1082 1084 1086,1,2.35e+06,3,7.078e+06
1043 1041 1039 1037 1035 1033 1031,1,2.35e+06,3,1.1277e+07
159 157 155 153 151 149 147,1,2.35e+06,4,9.408e+06
322 320 350 348 346 344,1,2.352e+06,4,9.569e+06
1251 1249 1279 1277 1275 1273 1271 1269 1267 1235,1,2.352e+06,2,4.811e+06
1222 1220 1218 1216 1246 1244,1,2.353e+06,3,7.008e+06
1084 1086 1056 1058 1060 1062,1,2.353e+06,4,9.323e+06
772 774 776 778 780 782 784,1,2.355e+06,3,7.077e+06
1100 1102 1104 1106 1108 1110,1,2.355e+06,3,7.119e+06
1125 1127 1129 1131 1133 1135 1137,1,2.355e+06,4,9.468e+06
301 303 305 307 309 311 313 315,1,2.355e+06,4,9.308e+06
34 32 62 60 58 56 54,1,2.356e+06,1,2.356e+06
1145 1147 1149 1151 1121 1123 1125 1127 1129,1,2.356e+06,4,9.468e+06
143 141 139 137 135 133 131,1,2.356e+06,4,9.371e+06
350 348 346 344 342 340 338 336,1,2.357e+06,4,9.505e+06
1112 1114 1116 1118 1088 1090,1,2.357e+06,3,7.121e+06
334 332 330 328 326 324 322 320,1,2.358e+06,4,9.569e+06
1177 1179 1181 1183 1153 1155 1157,1,2.359e+06,3,7.051e+06
1173 1175 1177 1179 1181 1183 1153,1,2.36e+06,4,9.414e+06
1161 1163 1165 1167 1169 1171 1173 1175 1177,1,2.361e+06,4,9.414e+06
131 129 159 157 155 153 151 149,1,2.361e+06,4,9.408e+06
1063 1061 1059 1057 1087 1085,1,2.362e+06,4,9.649e+06
1157 1159 1161 1163 1165 1167,1,2.364e+06,3,7.107e+06
192 194 196 198 200 202 204 206,1,2.365e+06,4,9.496e+06
175 173 171 169 167 165 163 161 191,1,2.369e+06,4,9.719e+06
783 781 779 777 775 773 771,1,2.369e+06,3,7.063e+06
1116 1118 1088 1090 1092 1094,1,2.37e+06,3,7.118e+06
139 137 135 133 131 129 159 157 155,1,2.371e+06,4,9.4e+06
1048 1050 1052 1054 1024 1026 1028,1,2.371e+06,3,7.166e+06
212 214 216 218 220 222 192 194,1,2.373e+06,3,7.128e+06
1104 1106 1108 1110 1112 1114,1,2.373e+06,3,7.121e+06
1067 1065 1063 1061 1059 1057 1087 1085 1083 1051,1,2.374e+06,4,9.649e+06
771 769 799 797 795 793,1,2.375e+06,3,7.069e+06
90 88 86 84 82 80 78 76,1,2.377e+06,3,7.115e+06
176 178 180 182 184 186 188 190 160,1,2.377e+06,4,9.556e+06
163 161 191 189 187 185 183 181 179 147,1,2.377e+06,4,9.728e+06
160 162 164 166 168 170 172,1,2.377e+06,4,9.57e+06
1088 1090 1092 1094 1096 1098 1100,1,2.379e+06,3,7.106e+06
155 153 151 149 147 145 143 141 139,1,2.379e+06,4,9.408e+06
775 773 771 769 799 797,1,2.382e+06,3,7.069e+06
1165 1167 1169 1171 1173 1175 1177,1,2.382e+06,4,9.414e+06
1250 1248 1278 1276 1274 1272,1,2.383e+06,2,4.677e+06
1128 1130 1132 1134 1136 1138,1,2.384e+06,3,7.301e+06
26 24 22 20 18 16 14 12 10,1,2.384e+06,2,9.136e+06
1064 1066 1068 1070 1072 1074 1076,1,2.384e+06,4,9.399e+06
1193 1195 1197 1199 1201 1203 1205 1207 1209 1177,1,2.387e+06,4,9.593e+06
33 35 37 39 41 43 45 47,1,2.387e+06,1,2.387e+06
1040 1042 1044 1046 1048 1050 1052,1,2.39e+06,3,7.109e+06
1108 1110 1112 1114 1116 1118,1,2.391e+06,3,7.121e+06
1174 1172 1170 1168 1166 1164,1,2.392e+06,3,7.454e+06
1089 1091 1093 1095 1097 1099 1101 1103,1,2.392e+06,4,1.0056e+07
346 344 342 340 338 336 334,1,2.392e+06,4,9.505e+06
1206 1204 1202 1200 1198 1196,1,2.393e+06,3,7.186e+06
1068 1070 1072 1074 1076 1078,1,2.395e+06,4,9.399e+06
87 85 83 81 79 77,1,2.395e+06,3,7.283e+06
252 254 224 226 228 230,1,2.396e+06,1,2.396e+06
91 89 87 85 83 81 79 77,1,2.397e+06,3,7.283e+06
123 121 119 117 115 113 111 109 107,1,2.398e+06,3,7.191e+06
780 782 784 786 788 790 792 794,1,2.399e+06,3,7.077e+06
1016 1018 1020 1022 992 994 996,1,2.399e+06,3,1.1569e+07
1186 1184 1214 1212 1210 1208,1,2.4e+06,4,9.57e+06
1083 1081 1079 1077 1075 1073 1071 1069,1,2.403e+06,4,9.768e+06
326 324 322 320 350 348 346 344 342 310,1,2.404e+06,4,9.569e+06
349 351 321 323 325 327 329 331,1,2.405e+06,4,9.699e+06
317 319 289 291 293 295 297,1,2.405e+06,4,9.312e+06
333 335 337 339 341 343 345 347 349,1,2.407e+06,4,9.766e+06
306 304 302 300 298 296 294 292 290,1,2.407e+06,4,1.0009e+07
329 331 333 335 337 339 341,1,2.408e+06,4,9.711e+06
188 190 160 162 164 166 168,1,2.408e+06,4,9.57e+06
1132 1134 1136 1138 1140 1142,1,2.412e+06,3,7.315e+06
1194 1192 1190 1188 1186 1184 1214 1212,1,2.413e+06,4,9.57e+06
321 323 325 327 329 331,1,2.413e+06,4,9.699e+06
242 240 238 236 234 232 230,1,2.413e+06,2,4.879e+06
1189 1191 1193 1195 1197 1199,1,2.414e+06,3,7.224e+06
1214 1212 1210 1208 1206 1204,1,2.414e+06,4,9.57e+06
171 169 167 165 163 161 191 189 187 155,1,2.415e+06,4,9.549e+06
325 327 329 331 333 335 337 339,1,2.418e+06,4,9.711e+06
1105 1107 1109 1111 1113 1115 1117,1,2.42e+06,4,1e+07
1149 1151 1121 1123 1125 1127,1,2.42e+06,4,9.468e+06
180 182 184 186 188 190,1,2.421e+06,4,9.556e+06
342 340 338 336 334 332 330,1,2.422e+06,4,9.488e+06
172 174 176 178 180 182,1,2.423e+06,3,7.33e+06
1185 1187 1189 1191 1193 1195,1,2.423e+06,3,7.224e+06
1229 1231 1233 1235 1237 1239 1241,1,2.424e+06,4,1.0181e+07
204 206 208 210 212 214 216,1,2.424e+06,4,9.496e+06
179 177 175 173 171 169 167 165 163,1,2.426e+06,4,9.719e+06
191 189 187 185 183 181 179,1,2.427e+06,4,9.728e+06
1059 1057 1087 1085 1083 1081 1079,1,2.428e+06,4,9.625e+06
122 120 118 116 114 112 110,1,2.431e+06,3,1.1739e+07
1205 1207 1209 1211 1213 1215,1,2.431e+06,4,9.593e+06
1129 1131 1133 1135 1137 1139 1141,1,2.433e+06,3,7.261e+06
164 166 168 170 172 174 176,1,2.435e+06,4,9.57e+06
196 198 200 202 204 206 208,1,2.435e+06,4,9.496e+06
345 347 349 351 321 323,1,2.435e+06,4,9.766e+06
144 146 148 150 152 154 156,1,2.437e+06,4,9.951e+06
1140 1142 1144 1146 1148 1150,1,2.437e+06,3,7.358e+06
118 116 114 112 110 108 106,1,2.442e+06,3,1.1739e+07
86 84 82 80 78 76 74,1,2.442e+06,3,7.115e+06
1164 1166 1168 1170 1172 1174,1,2.442e+06,4,1.0083e+07
310 308 306 304 302 300 298,1,2.443e+06,4,9.85e+06
986 984 982 980 978 976 974,1,2.443e+06,2,4.891e+06
1209 1211 1213 1215 1185 1187 1189,1,2.443e+06,3,7.353e+06
1071 1069 1067 1065 1063 1061 1059,1,2.444e+06,4,9.768e+06
341 343 345 347 349 351 321 323 325,1,2.446e+06,4,9.766e+06
1052 1054 1024 1026 1028 1030,1,2.447e+06,3,7.166e+06
990 988 986 984 982 980 978,1,2.448e+06,2,4.891e+06
1109 1111 1113 1115 1117 1119 1089,1,2.448e+06,4,1e+07
1073 1075 1077 1079 1081 1083 1085,1,2.449e+06,4,1.0355e+07
1198 1196 1194 1192 1190 1188,1,2.45e+06,3,7.206e+06
1079 1077 1075 1073 1071 1069,1,2.452e+06,4,9.768e+06
127 125 123 121 119 117 115,1,2.453e+06,3,7.191e+06
28 30 0 2 4 6,1,2.454e+06,2,5.081e+06
1144 1146 1148 1150 1120 1122 1124,1,2.455e+06,3,7.37e+06
1156 1158 1160 1162 1164 1166,1,2.455e+06,3,7.472e+06
330 328 326 324 322 320 350,1,2.455e+06,4,9.569e+06
203 201 199 197 195 193 223,1,2.457e+06,4,1.0007e+07
1148 1150 1120 1122 1124 1126 1128,1,2.457e+06,3,7.374e+06
1120 1122 1124 1126 1128 1130,1,2.458e+06,3,7.374e+06
1255 1253 1251 1249 1279 1277,1,2.459e+06,2,4.811e+06
1124 1126 1128 1130 1132 1134,1,2.459e+06,3,7.374e+06
195 193 223 221 219 217 215 213,1,2.46e+06,3,7.461e+06
98 96 126 124 122 120 118,1,2.46e+06,3,7.232e+06
300 302 304 306 308 310 312 314 316 284,1,2.46e+06,4,1.0327e+07
318 316 314 312 310 308 306,1,2.461e+06,4,9.94e+06
1087 1085 1083 1081 1079 1077,1,2.461e+06,4,9.625e+06
183 181 179 177 175 173,1,2.462e+06,4,9.728e+06
142 140 138 136 134 132 130,1,2.462e+06,4,1.0059e+07
187 185 183 181 179 177 175 173,1,2.462e+06,4,9.728e+06
290 288 318 316 314 312 310 308,1,2.464e+06,4,1.0066e+07
197 199 201 203 205 207 209,1,2.465e+06,4,1.0179e+07
1136 1138 1140 1142 1144 1146,1,2.466e+06,3,7.358e+06
250 248 246 244 242 240 238,1,2.466e+06,2,5.006e+06
1247 1245 1243 1241 1239 1237,1,2.466e+06,4,1.018e+07
1075 1073 1071 1069 1067 1065 1063 1061 1059,1,2.469e+06,4,9.768e+06
148 150 152 154 156 158 128,1,2.469e+06,4,9.951e+06
30 28 26 24 22 20 18,1,2.47e+06,2,4.854e+06
355 353 383 381 379 377,1,2.471e+06,1,2.471e+06
1160 1162 1164 1166 1168 1170 1172 1174,1,2.472e+06,4,1.0083e+07
168 170 172 174 176 178 180,1,2.472e+06,3,7.33e+06
1133 1135 1137 1139 1141 1143,1,2.473e+06,3,7.261e+06
1099 1097 1095 1093 1091 1089 1119,1,2.473e+06,3,7.543e+06
298 296 294 292 290 288 318 316 314 282,1,2.477e+06,4,1.0066e+07
1176 1178 1180 1182 1152 1154 1156,1,2.477e+06,3,7.646e+06
1154 1152 1182 1180 1178 1176,1,2.477e+06,3,7.531e+06
134 132 130 128 158 156 154,1,2.478e+06,4,1.0059e+07
213 215 217 219 221 223 193,1,2.478e+06,4,1.0132e+07
337 339 341 343 345 347,1,2.478e+06,4,9.766e+06
1201 1203 1205 1207 1209 1211 1213,1,2.479e+06,4,9.593e+06
156 158 128 130 132 134,1,2.479e+06,4,1.003e+07
209 211 213 215 217 219 221 223,1,2.482e+06,4,1.0132e+07
314 312 310 308 306 304,1,2.482e+06,4,9.94e+06
1170 1168 1166 1164 1162 1160,1,2.484e+06,3,7.623e+06
1020 1022 992 994 996 998 1000,1,2.484e+06,3,1.1663e+07
207 205 203 201 199 197 195,1,2.486e+06,4,1.0007e+07
1180 1182 1152 1154 1156 1158,1,2.489e+06,3,7.549e+06
95 93 91 89 87 85 83 81,1,2.491e+06,3,7.283e+06
1231 1229 1227 1225 1223 1221,1,2.492e+06,4,1.0138e+07
1182 1180 1178 1176 1174 1172,1,2.492e+06,3,7.472e+06
1103 1101 1099 1097 1095 1093,1,2.492e+06,4,1.018e+07
996 998 1000 1002 1004 1006,1,2.493e+06,3,1.1663e+07
1158 1156 1154 1152 1182 1180 1178,1,2.493e+06,3,7.632e+06
1235 1233 1231 1229 1227 1225 1223 1221,1,2.494e+06,4,1.0138e+07
1221 1223 1225 1227 1229 1231,1,2.498e+06,4,1.013e+07
1018 1016 1014 1012 1010 1008,1,2.499e+06,3,1.1905e+07
1178 1176 1174 1172 1170 1168,1,2.503e+06,3,7.472e+06
1225 1227 1229 1231 1233 1235 1237 1239,1,2.511e+06,4,1.0181e+07
1117 1119 1089 1091 1093 1095 1097,1,2.511e+06,3,7.492e+06
152 154 156 158 128 130 132 134,1,2.511e+06,4,1.003e+07
158 156 154 152 150 148,1,2.513e+06,3,7.652e+06
132 134 136 138 140 142 144,1,2.513e+06,4,1.003e+07
1245 1247 1217 1219 1221 1223,1,2.513e+06,4,1.0294e+07
240 242 244 246 248 250 252,1,2.516e+06,1,2.516e+06
1239 1237 1235 1233 1231 1229,1,2.516e+06,3,7.532e+06
211 209 207 205 203 201 199 197,1,2.52e+06,4,1.0007e+07
1243 1241 1239 1237 1235 1233 1231,1,2.522e+06,3,7.55e+06
130 128 158 156 154 152 150,1,2.523e+06,3,7.623e+06
138 136 134 132 130 128 158,1,2.524e+06,4,1.0059e+07
1095 1093 1091 1089 1119 1117,1,2.525e+06,3,7.644e+06
128 130 132 134 136 138 140,1,2.527e+06,4,1.003e+07
1152 1154 1156 1158 1160 1162,1,2.528e+06,3,7.494e+06
93 95 65 67 69 71 73,1,2.528e+06,3,7.74e+06
296 298 300 302 304 306 308,1,2.529e+06,4,1.0175e+07
353 355 357 359 361 363,1,2.532e+06,1,2.532e+06
1093 1095 1097 1099 1101 1103,1,2.532e+06,4,1.0056e+07
1113 1115 1117 1119 1089 1091 1093,1,2.533e+06,3,7.492e+06
1138 1136 1134 1132 1130 1128 1126,1,2.533e+06,3,7.855e+06
294 292 290 288 318 316 314 312 310 278,1,2.533e+06,4,1.0066e+07
1223 1221 1219 1217 1247 1245,1,2.534e+06,4,1.018e+07
140 142 144 146 148 150 152 154 156 28,1,2.534e+06,4,9.951e+06
1248 1250 1252 1254 1256 1258,1,2.534e+06,2,5.223e+06
288 290 292 294 296 298 300 302,1,2.534e+06,4,1.0358e+07
1241 1243 1245 1247 1217 1219 1221 1223,1,2.535e+06,4,1.0294e+07
251 249 247 245 243 241 239 237 235,1,2.538e+06,2,5.226e+06
316 318 288 290 292 294 296 298,1,2.539e+06,4,1.0358e+07
254 252 250 248 246 244,1,2.54e+06,2,5.006e+06
1054 1052 1050 1048 1046 1044,1,2.541e+06,3,7.667e+06
193 195 197 199 201 203 205 207,1,2.542e+06,4,1.0179e+07
181 183 185 187 189 191 161,1,2.544e+06,4,1.0498e+07
199 197 195 193 223 221 219,1,2.544e+06,4,1.0007e+07
1097 1099 1101 1103 1105 1107 1109 1111 1113 1081,1,2.545e+06,4,1.0056e+07
1091 1089 1119 1117 1115 1113 1111 1109 1107 1075,1,2.545e+06,4,1.0245e+07
1022 1020 1018 1016 1014 1012,1,2.545e+06,3,1.1905e+07
215 213 211 209 207 205 203,1,2.546e+06,3,7.552e+06
778 776 774 772 770 768 798,1,2.549e+06,3,7.781e+06
150 148 146 144 142 140,1,2.552e+06,3,7.734e+06
1050 1048 1046 1044 1042 1040 1038 1036,1,2.552e+06,4,1.4618e+07
994 992 1022 1020 1018 1016,1,2.552e+06,3,7.667e+06
85 87 89 91 93 95,1,2.553e+06,3,7.74e+06
984 986 988 990 960 962,1,2.553e+06,2,5.145e+06
136 138 140 142 144 146 148,1,2.554e+06,3,7.601e+06
205 207 209 211 213 215 217 219 221 189,1,2.556e+06,4,1.0179e+07
1115 1113 1111 1109 1107 1105 1103 1101,1,2.556e+06,4,1.0245e+07
1215 1213 1211 1209 1207 1205,1,2.556e+06,3,7.857e+06
351 349 347 345 343 341 339,1,2.558e+06,3,7.837e+06
124 126 96 98 100 102,1,2.561e+06,4,1.4618e+07
1162 1160 1158 1156 1154 1152,1,2.561e+06,3,7.632e+06
1107 1105 1103 1101 1099 1097 1095,1,2.562e+06,4,1.018e+07
1219 1217 1247 1245 1243 1241 1239,1,2.562e+06,4,1.018e+07
1142 1140 1138 1136 1134 1132,1,2.564e+06,3,7.855e+06
1077 1079 1081 1083 1085 1087 1057 1059,1,2.565e+06,4,1.0405e+07
84 86 88 90 92 94 64,1,2.568e+06,3,7.921e+06
1111 1109 1107 1105 1103 1101 1099,1,2.57e+06,4,1.0245e+07
998 996 994 992 1022 1020 1018,1,2.57e+06,3,7.667e+06
347 345 343 341 339 337 335 333 331,1,2.572e+06,4,1.0328e+07
174 172 170 168 166 164 162,1,2.572e+06,4,1.0449e+07
1131 1129 1127 1125 1123 1121 1151 1149,1,2.572e+06,4,1.0444e+07
292 294 296 298 300 302 304 306,1,2.573e+06,4,1.0175e+07
1119 1117 1115 1113 1111 1109,1,2.574e+06,4,1.0245e+07
1046 1044 1042 1040 1038 1036,1,2.574e+06,4,1.4618e+07
339 337 335 333 331 329,1,2.577e+06,4,1.0328e+07
1237 1239 1241 1243 1245 1247,1,2.577e+06,4,1.0294e+07
1207 1205 1203 1201 1199 1197,1,2.578e+06,4,1.0399e+07
117 119 121 123 125 127 97,1,2.578e+06,3,7.918e+06
1166 1164 1162 1160 1158 1156,1,2.578e+06,3,7.632e+06
1135 1133 1131 1129 1127 1125,1,2.579e+06,3,7.996e+06
182 180 178 176 174 172,1,2.579e+06,4,1.0442e+07
304 306 308 310 312 314 316,1,2.582e+06,4,1.0327e+07
335 333 331 329 327 325 323,1,2.583e+06,4,1.0328e+07
1172 1174 1176 1178 1180 1182,1,2.583e+06,4,1.0083e+07
1217 1219 1221 1223 1225 1227 1229,1,2.584e+06,4,1.013e+07
1168 1170 1172 1174 1176 1178 1180,1,2.586e+06,4,1.0083e+07
1101 1103 1105 1107 1109 1111 1113,1,2.587e+06,4,1.0056e+07
154 152 150 148 146 144 142,1,2.587e+06,3,7.734e+06
1211 1209 1207 1205 1203 1201 1199 1197,1,2.589e+06,4,1.0399e+07
988 990 960 962 964 966,1,2.592e+06,2,5.145e+06
1203 1201 1199 1197 1195 1193 1191,1,2.592e+06,4,1.0399e+07
1057 1059 1061 1063 1065 1067 1069,1,2.592e+06,4,1.0456e+07
302 300 298 296 294 292 290 288 318,1,2.592e+06,4,1.0066e+07
1081 1083 1085 1087 1057 1059 1061 1063,1,2.593e+06,4,1.0456e+07
116 118 120 122 124 126 96 98 100,1,2.594e+06,4,1.4618e+07
146 144 142 140 138 136 134 132 130,1,2.595e+06,4,1.0059e+07
214 212 210 208 206 204,1,2.596e+06,3,7.984e+06
343 341 339 337 335 333 331,1,2.596e+06,4,1.0328e+07
189 191 161 163 165 167 169 171 173,1,2.597e+06,4,1.0633e+07
1192 1194 1196 1198 1200 1202 1204,1,2.598e+06,3,7.986e+06
166 164 162 160 190 188 186 184,1,2.598e+06,4,1.0461e+07
770 768 798 796 794 792 790,1,2.599e+06,3,7.775e+06
1122 1120 1150 1148 1146 1144,1,2.601e+06,3,7.926e+06
331 329 327 325 323 321,1,2.605e+06,3,7.884e+06
782 780 778 776 774 772 770,1,2.605e+06,3,7.781e+06
170 168 166 164 162 160 190,1,2.609e+06,4,1.0449e+07
985 987 989 991 961,1,2.609e+06,2,5.418e+06
198 196 194 192 222 220,1,2.61e+06,4,1.0677e+07
1070 1068 1066 1064 1062 1060,1,2.611e+06,3,8.076e+06
1123 1121 1151 1149 1147 1145,1,2.612e+06,4,1.0444e+07
162 160 190 188 186 184 182 180,1,2.613e+06,4,1.0461e+07
1146 1144 1142 1140 1138 1136,1,2.613e+06,3,7.892e+06
1184 1186 1188 1190 1192 1194,1,2.613e+06,3,8.008e+06
125 127 97 99 101 103,1,2.613e+06,4,1.4945e+07
201 203 205 207 209 211 213 215 217,1,2.616e+06,4,1.0179e+07
1061 1063 1065 1067 1069 1071,1,2.616e+06,4,1.0456e+07
190 188 186 184 182 180 178,1,2.618e+06,4,1.0461e+07
328 330 332 334 336 338 340,1,2.618e+06,4,1.0648e+07
1227 1225 1223 1221 1219 1217 1247 1245,1,2.618e+06,4,1.018e+07
1151 1149 1147 1145 1143 1141 1139,1,2.618e+06,4,1.0444e+07
769 771 773 775 777 779,1,2.62e+06,3,7.893e+06
177 179 181 183 185 187 189 191,1,2.62e+06,4,1.0498e+07
332 334 336 338 340 342 344 346,1,2.622e+06,4,1.0705e+07
1147 1145 1143 1141 1139 1137 1135,1,2.622e+06,3,8.039e+06
308 310 312 314 316 318 288 290,1,2.622e+06,4,1.0358e+07
165 167 169 171 173 175 177,1,2.623e+06,4,1.0698e+07
777 779 781 783 785 787,1,2.625e+06,3,7.97e+06
1187 1185 1215 1213 1211 1209,1,2.626e+06,3,7.955e+06
774 772 770 768 798 796,1,2.627e+06,3,7.781e+06
16 18 20 22 24 26 28 30,1,2.627e+06,2,5.081e+06
206 204 202 200 198 196,1,2.628e+06,4,1.0677e+07
1094 1092 1090 1088 1118 1116,1,2.63e+06,3,8.132e+06
186 184 182 180 178 176 174,1,2.632e+06,4,1.0461e+07
27 25 23 21 19 17 15 13,1,2.634e+06,2,9.479e+06
323 321 351 349 347 345,1,2.634e+06,3,7.884e+06
185 187 189 191 161 163 165,1,2.636e+06,4,1.0397e+07
141 143 145 147 149 151 153,1,2.637e+06,4,1.0836e+07
1062 1060 1058 1056 1086 1084,1,2.637e+06,3,8.062e+06
120 122 124 126 96 98 100,1,2.638e+06,4,1.4618e+07
1042 1040 1038 1036 1034 1032,1,2.638e+06,4,1.4618e+07
286 284 282 280 278 276 274 272,1,2.64e+06,1,2.64e+06
1199 1197 1195 1193 1191 1189,1,2.64e+06,4,1.0399e+07
1232 1234 1236 1238 1240 1242,1,2.641e+06,3,8.041e+06
1127 1125 1123 1121 1151 1149,1,2.642e+06,4,1.0444e+07
344 346 348 350 320 322 324 326 328,1,2.643e+06,4,1.0705e+07
1253 1255 1257 1259 1261 1263 1265,1,2.643e+06,2,5.353e+06
92 94 64 66 68 70 72,1,2.645e+06,3,7.921e+06
1110 1108 1106 1104 1102 1100 1098 1096,1,2.645e+06,4,1.0756e+07
327 325 323 321 351 349 347,1,2.645e+06,3,7.884e+06
1126 1124 1122 1120 1150 1148,1,2.647e+06,3,7.969e+06
773 775 777 779 781 783,1,2.648e+06,3,7.97e+06
1045 1047 1049 1051 1053 1055,1,2.65e+06,3,8.024e+06
1208 1210 1212 1214 1184 1186,1,2.652e+06,3,8.073e+06
1195 1193 1191 1189 1187 1185 1215,1,2.654e+06,3,7.969e+06
1085 1087 1057 1059 1061 1063 1065,1,2.655e+06,4,1.0456e+07
1196 1198 1200 1202 1204 1206,1,2.655e+06,3,8.076e+06
319 317 315 313 311 309 307,1,2.656e+06,4,1.08e+07
1134 1132 1130 1128 1126 1124,1,2.658e+06,3,7.969e+06
157 159 129 131 133 135 137 139 141,1,2.659e+06,4,1.0824e+07
89 91 93 95 65 67 69 71 73 105,1,2.659e+06,3,7.74e+06
173 175 177 179 181 183 185,1,2.662e+06,4,1.0698e+07
1066 1064 1062 1060 1058 1056 1086,1,2.662e+06,3,8.063e+06
312 314 316 318 288 290,1,2.663e+06,4,1.0358e+07
324 326 328 330 332 334 336,1,2.663e+06,4,1.0673e+07
1130 1128 1126 1124 1122 1120,1,2.664e+06,3,7.969e+06
1183 1181 1179 1177 1175 1173,1,2.665e+06,3,8.138e+06
1163 1161 1159 1157 1155 1153 1183,1,2.665e+06,3,8.138e+06
1118 1116 1114 1112 1110 1108,1,2.667e+06,4,1.0756e+07
1233 1235 1237 1239 1241 1243 1245 1247 1217,1,2.669e+06,4,1.0294e+07
311 309 307 305 303 301 299,1,2.669e+06,3,8.053e+06
1069 1071 1073 1075 1077 1079 1081,1,2.67e+06,4,1.0355e+07
1086 1084 1082 1080 1078 1076,1,2.67e+06,3,8.181e+06
1240 1242 1244 1246 1216 1218 1220,1,2.67e+06,3,8.121e+06
178 176 174 172 170 168 166 164,1,2.67e+06,4,1.0449e+07
1065 1067 1069 1071 1073 1075 1077 1079 1081,1,2.671e+06,4,1.0355e+07
1114 1112 1110 1108 1106 1104 1102,1,2.672e+06,4,1.0756e+07
169 171 173 175 177 179 181 183,1,2.672e+06,4,1.0698e+07
283 281 279 277 275 273,1,2.673e+06,2,5.358e+06
1224 1226 1228 1230 1232 1234 1236,1,2.673e+06,4,1.0781e+07
1188 1190 1192 1194 1196 1198,1,2.674e+06,3,8.008e+06
1191 1189 1187 1185 1215 1213 1211,1,2.675e+06,3,7.969e+06
1078 1076 1074 1072 1070 1068,1,2.675e+06,3,8.221e+06
1049 1051 1053 1055 1025 1027 1029 1031,1,2.677e+06,3,8.024e+06
1041 1043 1045 1047 1049 1051 1053,1,2.677e+06,3,8.004e+06
1171 1169 1167 1165 1163 1161 1159,1,2.678e+06,3,8.137e+06
1150 1148 1146 1144 1142 1140,1,2.678e+06,3,7.926e+06
1102 1100 1098 1096 1094 1092,1,2.678e+06,4,1.0731e+07
1106 1104 1102 1100 1098 1096,1,2.678e+06,4,1.0731e+07
202 200 198 196 194 192 222 220,1,2.679e+06,4,1.0677e+07
307 305 303 301 299 297,1,2.681e+06,3,8.146e+06
320 322 324 326 328 330 332,1,2.681e+06,4,1.0673e+07
1220 1222 1224 1226 1228 1230,1,2.683e+06,4,1.0781e+07
315 313 311 309 307 305,1,2.684e+06,4,1.08e+07
287 285 283 281 279 277 275,1,2.685e+06,2,5.358e+06
348 350 320 322 324 326 328 330,1,2.686e+06,4,1.0673e+07
255 253 251 249 247 245 243 241 239,1,2.688e+06,2,5.226e+06
1167 1165 1163 1161 1159 1157 1155,1,2.688e+06,3,8.118e+06
1204 1206 1208 1210 1212 1214,1,2.688e+06,3,8.076e+06
1252 1254 1256 1258 1260 1262,1,2.689e+06,2,5.223e+06
153 155 157 159 129 131 133 135,1,2.69e+06,4,1.0817e+07
133 135 137 139 141 143 145,1,2.69e+06,4,1.0824e+07
31 29 27 25 23 21 19 17 15,1,2.69e+06,2,5.324e+06
1236 1238 1240 1242 1244 1246,1,2.691e+06,3,8.096e+06
781 783 785 787 789 791,1,2.697e+06,3,7.97e+06
1053 1055 1025 1027 1029 1031 1033,1,2.697e+06,3,8.024e+06
352 354 356 358 360 362 364,1,2.697e+06,1,2.697e+06
32 34 36 38 40 42 44,1,2.7e+06,1,2.7e+06
340 342 344 346 348 350 320,1,2.7e+06,4,1.0705e+07
997 999 1001 1003 1005 1007,1,2.701e+06,3,1.2174e+07
1143 1141 1139 1137 1135 1133,1,2.702e+06,3,8.039e+06
303 301 299 297 295 293 291,1,2.703e+06,3,8.195e+06
149 151 153 155 157 159 129 131 133,1,2.703e+06,4,1.0836e+07
1017 1019 1021 1023 993,1,2.707e+06,2,5.455e+06
1179 1177 1175 1173 1171 1169 1167,1,2.707e+06,3,8.137e+06
88 90 92 94 64 66 68 70 72,1,2.708e+06,3,7.921e+06
1228 1230 1232 1234 1236 1238,1,2.709e+06,4,1.0781e+07
1249 1251 1253 1255 1257 1259 1261,1,2.71e+06,2,5.353e+06
194 192 222 220 218 216 214,1,2.715e+06,3,8.004e+06
1139 1137 1135 1133 1131 1129 1127,1,2.715e+06,3,8.039e+06
1216 1218 1220 1222 1224 1226 1228 1230 1232 1200,1,2.716e+06,4,1.0781e+07
1212 1214 1184 1186 1188 1190,1,2.721e+06,3,8.061e+06
121 123 125 127 97 99 101 103,1,2.727e+06,4,1.4945e+07
295 293 291 289 319 317 315 313 311,1,2.73e+06,4,1.08e+07
1098 1096 1094 1092 1090 1088 1118,1,2.73e+06,4,1.0731e+07
291 289 319 317 315 313,1,2.73e+06,4,1.08e+07
137 139 141 143 145 147 149 151,1,2.731e+06,4,1.0836e+07
1159 1157 1155 1153 1183 1181 1179,1,2.733e+06,3,8.138e+06
1200 1202 1204 1206 1208 1210,1,2.733e+06,3,8.076e+06
1244 1246 1216 1218 1220 1222,1,2.735e+06,3,8.134e+06
336 338 340 342 344 346,1,2.74e+06,4,1.0705e+07
97 99 101 103 105 107 109 111 113,1,2.74e+06,4,1.4945e+07
1155 1153 1183 1181 1179 1177 1175,1,2.74e+06,3,8.138e+06
161 163 165 167 169 171 173 175 177 145,1,2.741e+06,4,1.0698e+07
129 131 133 135 137 139 141 143 145 17 113,1,2.744e+06,4,1.0824e+07
1021 1023 993 995 997 999,1,2.748e+06,3,8.204e+06
1175 1173 1171 1169 1167 1165,1,2.752e+06,3,8.137e+06
993 995 997 999 1001 1003,1,2.755e+06,3,1.2174e+07
1058 1056 1086 1084 1082 1080 1078,1,2.755e+06,3,8.181e+06
1082 1080 1078 1076 1074 1072 1070,1,2.756e+06,3,8.221e+06
210 208 206 204 202 200 198 196 194,1,2.76e+06,4,1.0677e+07
299 297 295 293 291 289 319,1,2.762e+06,3,8.222e+06
145 147 149 151 153 155 157 159,1,2.765e+06,4,1.0836e+07
1090 1088 1118 1116 1114 1112 1110 1108 1106 1074,1,2.772e+06,4,1.0756e+07
1074 1072 1070 1068 1066 1064,1,2.79e+06,3,8.221e+06
989 991 961 963 965 967 969,1,2.809e+06,2,5.418e+06
1039 1037 1035 1033 1031 1029 1027,1,6.582e+06,3,1.1277e+07
260 258 259,1,6.623e+06,1,6.623e+06
261 260,1,6.659e+06,1,6.659e+06
13 12,1,6.663e+06,1,6.663e+06
2 0 1,1,6.668e+06,2,1.3432e+07
992 994 996 998 1000 1002,1,6.686e+06,3,1.1663e+07
259 258,1,6.708e+06,1,6.708e+06
1032 1030 1031,1,6.71e+06,1,6.71e+06
1028 1026 1027,1,6.715e+06,1,6.715e+06
999 1001 1000,1,6.718e+06,3,1.3538e+07
18 16 17,1,6.72e+06,2,9.104e+06
1035 1034,1,6.727e+06,1,6.727e+06
14 12 13,1,6.729e+06,2,9.113e+06
111 110,1,6.737e+06,1,6.737e+06
1007 1006,1,6.738e+06,1,6.738e+06
12 10 11,1,6.752e+06,2,1.3597e+07
1 0,1,6.759e+06,1,6.759e+06
9 11 10,1,6.76e+06,2,1.3607e+07
107 106,1,6.761e+06,1,6.761e+06
1031 1030,1,6.763e+06,1,6.763e+06
0 1,1,6.764e+06,2,1.3432e+07
115 114,1,6.765e+06,1,6.765e+06
103 102,1,6.765e+06,1,6.765e+06
1012 1010 1011,1,6.768e+06,2,9.267e+06
265 264,1,6.783e+06,1,6.783e+06
1027 1026,1,6.789e+06,1,6.789e+06
1008 1009,1,6.797e+06,2,1.3682e+07
1036 1034 1035,1,6.799e+06,2,9.437e+06
1009 1008,1,6.804e+06,1,6.804e+06
1034 1032 1033,1,6.807e+06,2,9.445e+06
1003 1002,1,6.81e+06,1,6.81e+06
1015 1014,1,6.816e+06,1,6.816e+06
1000 1001,1,6.816e+06,2,1.3693e+07
1033 1032,1,6.817e+06,1,6.817e+06
1001 1000,1,6.82e+06,2,1.3538e+07
1004 1002 1003,1,6.821e+06,1,6.821e+06
262 260 261,1,6.823e+06,1,6.823e+06
96 98 100 102 104 106 108,1,6.825e+06,4,1.4618e+07
1024 1025,1,6.826e+06,2,1.3673e+07
110 108 109,1,6.828e+06,2,9.27e+06
1029 1028,1,6.834e+06,1,6.834e+06
1025 1024,1,6.836e+06,1,6.836e+06
104 102 103,1,6.841e+06,1,6.841e+06
1006 1004 1005,1,6.842e+06,1,6.842e+06
1011 1010,1,6.842e+06,1,6.842e+06
1030 1028 1029,1,6.842e+06,1,6.842e+06
10 11,1,6.845e+06,2,1.3597e+07
15 13 11 9 7 5 3 1,1,6.845e+06,2,9.479e+06
1026 1024 1025,1,6.847e+06,2,1.3673e+07
11 10,1,6.847e+06,2,1.3607e+07
112 113,1,6.853e+06,2,1.3719e+07
1038 1036 1037,1,6.854e+06,4,1.4618e+07
113 112,1,6.858e+06,1,6.858e+06
102 100 101,1,6.859e+06,2,1.3762e+07
264 262 263,1,6.86e+06,1,6.86e+06
1014 1012 1013,1,6.861e+06,3,1.1905e+07
1013 1012,1,6.864e+06,1,6.864e+06
106 104 105,1,6.865e+06,1,6.865e+06
99 101 100,1,6.865e+06,4,1.4945e+07
114 112 113,1,6.866e+06,3,1.3719e+07
19 18,1,6.87e+06,1,6.87e+06
1002 1000 1001,1,6.877e+06,2,1.3693e+07
1010 1008 1009,1,6.885e+06,2,1.3682e+07
108 106 107,1,6.886e+06,2,9.328e+06
1005 1004,1,6.889e+06,1,6.889e+06
1037 1036,1,6.896e+06,1,6.896e+06
263 262,1,6.9e+06,1,6.9e+06
100 101,1,6.903e+06,2,1.3762e+07
101 100,1,6.903e+06,2,1.3768e+07
109 108,1,6.905e+06,1,6.905e+06
105 104,1,6.911e+06,1,6.911e+06
